[debug] [2026-06-12T10:27:26.089Z] [Firebase Plugin] Activating Firebase extension.
[debug] [2026-06-12T10:27:27.711Z] [Firebase Plugin] requireAuthWrapper
[debug] [2026-06-12T10:27:27.712Z] > command requires scopes: ["email","openid","https://www.googleapis.com/auth/cloudplatformprojects.readonly","https://www.googleapis.com/auth/firebase","https://www.googleapis.com/auth/cloud-platform"]
[debug] [2026-06-12T10:27:27.712Z] > authorizing via signed-in user (adityakareliya28@gmail.com)
[debug] [2026-06-12T10:27:27.715Z] Checked if tokens are valid: false, expires at: 1780066207360
[debug] [2026-06-12T10:27:27.715Z] Checked if tokens are valid: false, expires at: 1780066207360
[debug] [2026-06-12T10:27:27.715Z] > refreshing access token with scopes: []
[debug] [2026-06-12T10:27:27.716Z] >>> [apiv2][query] POST https://www.googleapis.com/oauth2/v3/token [none]
[debug] [2026-06-12T10:27:27.716Z] >>> [apiv2][body] POST https://www.googleapis.com/oauth2/v3/token [omitted]
[debug] [2026-06-12T10:27:27.724Z] [Firebase Plugin] VSCode notification server listening on port 40001
[debug] [2026-06-12T10:27:28.071Z] Object "" in "firebase.json" has unknown property: {"additionalProperty":"flutter"}
[info] [Firebase Plugin] Starting SQL Connect toolkit (version 3.4.10) on port 50001
[info] i  dataconnect: downloading dataconnect-emulator-3.4.10... {"metadata":{"emulator":{"name":"dataconnect"},"message":"downloading dataconnect-emulator-3.4.10..."}}
[debug] [2026-06-12T10:27:28.081Z] >>> [apiv2][query] GET https://storage.googleapis.com/firemat-preview-drop/emulator/dataconnect-emulator-macos-arm64-v3.4.10 
[debug] [2026-06-12T10:27:28.223Z] <<< [apiv2][status] POST https://www.googleapis.com/oauth2/v3/token 400
[debug] [2026-06-12T10:27:28.223Z] <<< [apiv2][body] POST https://www.googleapis.com/oauth2/v3/token [omitted]
[debug] [2026-06-12T10:27:28.223Z] [Firebase Plugin] User found:  adityakareliya28@gmail.com
[info] [Firebase Plugin] (Core:Project) New user detected, fetching projects
[debug] [2026-06-12T10:27:28.224Z] Checked if tokens are valid: false, expires at: 1780066207360
[debug] [2026-06-12T10:27:28.225Z] Checked if tokens are valid: false, expires at: 1780066207360
[debug] [2026-06-12T10:27:28.225Z] > refreshing access token with scopes: []
[debug] [2026-06-12T10:27:28.225Z] >>> [apiv2][query] POST https://www.googleapis.com/oauth2/v3/token [none]
[debug] [2026-06-12T10:27:28.226Z] >>> [apiv2][body] POST https://www.googleapis.com/oauth2/v3/token [omitted]
[debug] [2026-06-12T10:27:28.522Z] <<< [apiv2][status] POST https://www.googleapis.com/oauth2/v3/token 400
[debug] [2026-06-12T10:27:28.522Z] <<< [apiv2][body] POST https://www.googleapis.com/oauth2/v3/token [omitted]
[debug] [2026-06-12T10:27:28.523Z] >>> [apiv2][query] GET https://firebase.googleapis.com/v1beta1/projects pageSize=1000
[debug] [2026-06-12T10:27:28.667Z] <<< [apiv2][status] GET https://storage.googleapis.com/firemat-preview-drop/emulator/dataconnect-emulator-macos-arm64-v3.4.10 200
[debug] [2026-06-12T10:27:28.668Z] <<< [apiv2][body] GET https://storage.googleapis.com/firemat-preview-drop/emulator/dataconnect-emulator-macos-arm64-v3.4.10 [stream]
[debug] [2026-06-12T10:27:28.824Z] <<< [apiv2][status] GET https://firebase.googleapis.com/v1beta1/projects 401
[debug] [2026-06-12T10:27:28.824Z] <<< [apiv2][body] GET https://firebase.googleapis.com/v1beta1/projects [omitted]
[debug] [2026-06-12T10:27:28.824Z] Got a 401 Unauthenticated error for a call that required authentication. Refreshing tokens.
[debug] [2026-06-12T10:27:28.824Z] Checked if tokens are valid: false, expires at: 1780066207360
[debug] [2026-06-12T10:27:28.824Z] Checked if tokens are valid: false, expires at: 1780066207360
[debug] [2026-06-12T10:27:28.824Z] > refreshing access token with scopes: []
[debug] [2026-06-12T10:27:28.825Z] >>> [apiv2][query] POST https://www.googleapis.com/oauth2/v3/token [none]
[debug] [2026-06-12T10:27:28.825Z] >>> [apiv2][body] POST https://www.googleapis.com/oauth2/v3/token [omitted]
[debug] [2026-06-12T10:27:28.930Z] <<< [apiv2][status] POST https://www.googleapis.com/oauth2/v3/token 400
[debug] [2026-06-12T10:27:28.930Z] <<< [apiv2][body] POST https://www.googleapis.com/oauth2/v3/token [omitted]
[debug] [2026-06-12T10:27:28.931Z] Request to https://firebase.googleapis.com/v1beta1/projects?pageSize=1000 had HTTP Error: 401, Request had invalid authentication credentials. Expected OAuth 2 access token, login cookie or other valid authentication credential. See https://developers.google.com/identity/sign-in/web/devconsole-project.
[info] i  dataconnect: Removing outdated emulator files: dataconnect-emulator-3.4.8 {"metadata":{"emulator":{"name":"dataconnect"},"message":"Removing outdated emulator files: dataconnect-emulator-3.4.8"}}
[debug] [2026-06-12T10:27:36.359Z] 'fdc build' failed with error: Unable to build your SQL Connect schema and connectors (exit code 1): E0612 15:57:36.356282   55085 cmd.go:43] Error loading data connect config: could not find dataconnect.yaml in `/Users/neerajkaneria/StudioProjects/Flutter_Applications/dataconnect`
 {"metadata":{"emulator":{"name":"dataconnect"},"message":"'fdc build' failed with error: Unable to build your SQL Connect schema and connectors (exit code 1): E0612 15:57:36.356282   55085 cmd.go:43] Error loading data connect config: could not find dataconnect.yaml in `/Users/neerajkaneria/StudioProjects/Flutter_Applications/dataconnect`\n"}}
[debug] [2026-06-12T10:27:36.359Z] Ignoring unsupported arg: auto_download {"metadata":{"emulator":{"name":"dataconnect"},"message":"Ignoring unsupported arg: auto_download"}}
[debug] [2026-06-12T10:27:36.359Z] Ignoring unsupported arg: port {"metadata":{"emulator":{"name":"dataconnect"},"message":"Ignoring unsupported arg: port"}}
[debug] [2026-06-12T10:27:36.359Z] Starting SQL Connect Emulator with command {"binary":"/Users/neerajkaneria/.cache/firebase/emulators/dataconnect-emulator-3.4.10","args":["--logtostderr","-v=2","dev","--listen=localhost:50001","--config_dir=/Users/neerajkaneria/StudioProjects/Flutter_Applications/dataconnect","--enable_output_schema_extensions=true","--enable_output_generated_sdk=true"],"optionalArgs":["listen","config_dir","enable_output_schema_extensions","enable_output_generated_sdk"],"joinArgs":true,"shell":false,"port":9399} {"metadata":{"emulator":{"name":"dataconnect"},"message":"Starting SQL Connect Emulator with command {\"binary\":\"/Users/neerajkaneria/.cache/firebase/emulators/dataconnect-emulator-3.4.10\",\"args\":[\"--logtostderr\",\"-v=2\",\"dev\",\"--listen=localhost:50001\",\"--config_dir=/Users/neerajkaneria/StudioProjects/Flutter_Applications/dataconnect\",\"--enable_output_schema_extensions=true\",\"--enable_output_generated_sdk=true\"],\"optionalArgs\":[\"listen\",\"config_dir\",\"enable_output_schema_extensions\",\"enable_output_generated_sdk\"],\"joinArgs\":true,\"shell\":false,\"port\":9399}"}}
[info] i  dataconnect: SQL Connect Emulator logging to dataconnect-debug.log {"metadata":{"emulator":{"name":"dataconnect"},"message":"SQL Connect Emulator logging to dataconnect-debug.log"}}
[debug] [2026-06-12T10:27:36.381Z] E0612 15:57:36.381273   55090 dev.go:83] Failed to load initial config from "/Users/neerajkaneria/StudioProjects/Flutter_Applications/dataconnect": could not find dataconnect.yaml in `/Users/neerajkaneria/StudioProjects/Flutter_Applications/dataconnect`
 {"metadata":{"emulator":{"name":"dataconnect"},"message":"E0612 15:57:36.381273   55090 dev.go:83] Failed to load initial config from \"/Users/neerajkaneria/StudioProjects/Flutter_Applications/dataconnect\": could not find dataconnect.yaml in `/Users/neerajkaneria/StudioProjects/Flutter_Applications/dataconnect`\n"}}
[debug] [2026-06-12T10:27:36.382Z] E0612 15:57:36.381517   55090 watch.go:116] watchAllDir unable to walk dir `/Users/neerajkaneria/StudioProjects/Flutter_Applications/dataconnect`: lstat /Users/neerajkaneria/StudioProjects/Flutter_Applications/dataconnect: no such file or directory
 {"metadata":{"emulator":{"name":"dataconnect"},"message":"E0612 15:57:36.381517   55090 watch.go:116] watchAllDir unable to walk dir `/Users/neerajkaneria/StudioProjects/Flutter_Applications/dataconnect`: lstat /Users/neerajkaneria/StudioProjects/Flutter_Applications/dataconnect: no such file or directory\n"}}
[debug] [2026-06-12T10:27:36.382Z] I0612 15:57:36.382471   55090 dev.go:104] Listening on address (HTTP + gRPC): 127.0.0.1:50001
 {"metadata":{"emulator":{"name":"dataconnect"},"message":"I0612 15:57:36.382471   55090 dev.go:104] Listening on address (HTTP + gRPC): 127.0.0.1:50001\n"}}
[error] [Firebase Plugin] error:  {}
[debug] [2026-06-12T10:27:46.401Z] E0612 15:57:46.388190   55090 watch.go:40] Failed to load config from "/Users/neerajkaneria/StudioProjects/Flutter_Applications/dataconnect": could not find dataconnect.yaml in `/Users/neerajkaneria/StudioProjects/Flutter_Applications/dataconnect`
 {"metadata":{"emulator":{"name":"dataconnect"},"message":"E0612 15:57:46.388190   55090 watch.go:40] Failed to load config from \"/Users/neerajkaneria/StudioProjects/Flutter_Applications/dataconnect\": could not find dataconnect.yaml in `/Users/neerajkaneria/StudioProjects/Flutter_Applications/dataconnect`\n"}}
[debug] [2026-06-12T10:27:56.382Z] E0612 15:57:56.382116   55090 watch.go:40] Failed to load config from "/Users/neerajkaneria/StudioProjects/Flutter_Applications/dataconnect": could not find dataconnect.yaml in `/Users/neerajkaneria/StudioProjects/Flutter_Applications/dataconnect`
 {"metadata":{"emulator":{"name":"dataconnect"},"message":"E0612 15:57:56.382116   55090 watch.go:40] Failed to load config from \"/Users/neerajkaneria/StudioProjects/Flutter_Applications/dataconnect\": could not find dataconnect.yaml in `/Users/neerajkaneria/StudioProjects/Flutter_Applications/dataconnect`\n"}}
[debug] [2026-06-12T10:28:06.385Z] E0612 15:58:06.384513   55090 watch.go:40] Failed to load config from "/Users/neerajkaneria/StudioProjects/Flutter_Applications/dataconnect": could not find dataconnect.yaml in `/Users/neerajkaneria/StudioProjects/Flutter_Applications/dataconnect`
 {"metadata":{"emulator":{"name":"dataconnect"},"message":"E0612 15:58:06.384513   55090 watch.go:40] Failed to load config from \"/Users/neerajkaneria/StudioProjects/Flutter_Applications/dataconnect\": could not find dataconnect.yaml in `/Users/neerajkaneria/StudioProjects/Flutter_Applications/dataconnect`\n"}}
[debug] [2026-06-12T10:28:16.382Z] E0612 15:58:16.381613   55090 watch.go:40] Failed to load config from "/Users/neerajkaneria/StudioProjects/Flutter_Applications/dataconnect": could not find dataconnect.yaml in `/Users/neerajkaneria/StudioProjects/Flutter_Applications/dataconnect`
 {"metadata":{"emulator":{"name":"dataconnect"},"message":"E0612 15:58:16.381613   55090 watch.go:40] Failed to load config from \"/Users/neerajkaneria/StudioProjects/Flutter_Applications/dataconnect\": could not find dataconnect.yaml in `/Users/neerajkaneria/StudioProjects/Flutter_Applications/dataconnect`\n"}}
[debug] [2026-06-12T10:28:26.384Z] E0612 15:58:26.383413   55090 watch.go:40] Failed to load config from "/Users/neerajkaneria/StudioProjects/Flutter_Applications/dataconnect": could not find dataconnect.yaml in `/Users/neerajkaneria/StudioProjects/Flutter_Applications/dataconnect`
 {"metadata":{"emulator":{"name":"dataconnect"},"message":"E0612 15:58:26.383413   55090 watch.go:40] Failed to load config from \"/Users/neerajkaneria/StudioProjects/Flutter_Applications/dataconnect\": could not find dataconnect.yaml in `/Users/neerajkaneria/StudioProjects/Flutter_Applications/dataconnect`\n"}}
[debug] [2026-06-12T10:28:36.384Z] E0612 15:58:36.381207   55090 watch.go:116] watchAllDir unable to walk dir `/Users/neerajkaneria/StudioProjects/Flutter_Applications/dataconnect`: lstat /Users/neerajkaneria/StudioProjects/Flutter_Applications/dataconnect: no such file or directory
 {"metadata":{"emulator":{"name":"dataconnect"},"message":"E0612 15:58:36.381207   55090 watch.go:116] watchAllDir unable to walk dir `/Users/neerajkaneria/StudioProjects/Flutter_Applications/dataconnect`: lstat /Users/neerajkaneria/StudioProjects/Flutter_Applications/dataconnect: no such file or directory\n"}}
[debug] [2026-06-12T10:28:36.390Z] E0612 15:58:36.385292   55090 watch.go:40] Failed to load config from "/Users/neerajkaneria/StudioProjects/Flutter_Applications/dataconnect": could not find dataconnect.yaml in `/Users/neerajkaneria/StudioProjects/Flutter_Applications/dataconnect`
 {"metadata":{"emulator":{"name":"dataconnect"},"message":"E0612 15:58:36.385292   55090 watch.go:40] Failed to load config from \"/Users/neerajkaneria/StudioProjects/Flutter_Applications/dataconnect\": could not find dataconnect.yaml in `/Users/neerajkaneria/StudioProjects/Flutter_Applications/dataconnect`\n"}}
[debug] [2026-06-12T10:28:46.382Z] E0612 15:58:46.382360   55090 watch.go:40] Failed to load config from "/Users/neerajkaneria/StudioProjects/Flutter_Applications/dataconnect": could not find dataconnect.yaml in `/Users/neerajkaneria/StudioProjects/Flutter_Applications/dataconnect`
 {"metadata":{"emulator":{"name":"dataconnect"},"message":"E0612 15:58:46.382360   55090 watch.go:40] Failed to load config from \"/Users/neerajkaneria/StudioProjects/Flutter_Applications/dataconnect\": could not find dataconnect.yaml in `/Users/neerajkaneria/StudioProjects/Flutter_Applications/dataconnect`\n"}}
[debug] [2026-06-12T10:28:47.421Z] [Firebase Plugin] Value of process.env.MONOSPACE_ENV: undefined
[debug] [2026-06-12T10:28:47.421Z] [Firebase Plugin] requireAuthWrapper
[debug] [2026-06-12T10:28:47.422Z] > command requires scopes: ["email","openid","https://www.googleapis.com/auth/cloudplatformprojects.readonly","https://www.googleapis.com/auth/firebase","https://www.googleapis.com/auth/cloud-platform"]
[debug] [2026-06-12T10:28:47.423Z] > authorizing via signed-in user (adityakareliya28@gmail.com)
[debug] [2026-06-12T10:28:47.423Z] Checked if tokens are valid: false, expires at: 1780066207360
[debug] [2026-06-12T10:28:47.423Z] Checked if tokens are valid: false, expires at: 1780066207360
[debug] [2026-06-12T10:28:47.423Z] > refreshing access token with scopes: []
[debug] [2026-06-12T10:28:47.425Z] >>> [apiv2][query] POST https://www.googleapis.com/oauth2/v3/token [none]
[debug] [2026-06-12T10:28:47.425Z] >>> [apiv2][body] POST https://www.googleapis.com/oauth2/v3/token [omitted]
[debug] [2026-06-12T10:28:47.430Z] [Firebase Plugin] Value of process.env.MONOSPACE_ENV: undefined
[debug] [2026-06-12T10:28:47.430Z] [Firebase Plugin] requireAuthWrapper
[debug] [2026-06-12T10:28:47.430Z] > command requires scopes: ["email","openid","https://www.googleapis.com/auth/cloudplatformprojects.readonly","https://www.googleapis.com/auth/firebase","https://www.googleapis.com/auth/cloud-platform"]
[debug] [2026-06-12T10:28:47.431Z] > authorizing via signed-in user (adityakareliya28@gmail.com)
[debug] [2026-06-12T10:28:47.431Z] Checked if tokens are valid: false, expires at: 1780066207360
[debug] [2026-06-12T10:28:47.431Z] Checked if tokens are valid: false, expires at: 1780066207360
[debug] [2026-06-12T10:28:47.431Z] > refreshing access token with scopes: []
[debug] [2026-06-12T10:28:47.431Z] >>> [apiv2][query] POST https://www.googleapis.com/oauth2/v3/token [none]
[debug] [2026-06-12T10:28:47.431Z] >>> [apiv2][body] POST https://www.googleapis.com/oauth2/v3/token [omitted]
[debug] [2026-06-12T10:28:47.578Z] <<< [apiv2][status] POST https://www.googleapis.com/oauth2/v3/token 400
[debug] [2026-06-12T10:28:47.578Z] <<< [apiv2][body] POST https://www.googleapis.com/oauth2/v3/token [omitted]
[debug] [2026-06-12T10:28:47.578Z] [Firebase Plugin] User found:  adityakareliya28@gmail.com
[info] [Firebase Plugin] (Core:Project) New user detected, fetching projects
[debug] [2026-06-12T10:28:47.578Z] Checked if tokens are valid: false, expires at: 1780066207360
[debug] [2026-06-12T10:28:47.578Z] Checked if tokens are valid: false, expires at: 1780066207360
[debug] [2026-06-12T10:28:47.578Z] > refreshing access token with scopes: []
[debug] [2026-06-12T10:28:47.579Z] >>> [apiv2][query] POST https://www.googleapis.com/oauth2/v3/token [none]
[debug] [2026-06-12T10:28:47.579Z] >>> [apiv2][body] POST https://www.googleapis.com/oauth2/v3/token [omitted]
[debug] [2026-06-12T10:28:47.583Z] <<< [apiv2][status] POST https://www.googleapis.com/oauth2/v3/token 400
[debug] [2026-06-12T10:28:47.584Z] <<< [apiv2][body] POST https://www.googleapis.com/oauth2/v3/token [omitted]
[debug] [2026-06-12T10:28:47.584Z] [Firebase Plugin] User found:  adityakareliya28@gmail.com
[info] [Firebase Plugin] (Core:Project) New user detected, fetching projects
[debug] [2026-06-12T10:28:47.584Z] Checked if tokens are valid: false, expires at: 1780066207360
[debug] [2026-06-12T10:28:47.584Z] Checked if tokens are valid: false, expires at: 1780066207360
[debug] [2026-06-12T10:28:47.584Z] > refreshing access token with scopes: []
[debug] [2026-06-12T10:28:47.584Z] >>> [apiv2][query] POST https://www.googleapis.com/oauth2/v3/token [none]
[debug] [2026-06-12T10:28:47.584Z] >>> [apiv2][body] POST https://www.googleapis.com/oauth2/v3/token [omitted]
[debug] [2026-06-12T10:28:47.878Z] <<< [apiv2][status] POST https://www.googleapis.com/oauth2/v3/token 400
[debug] [2026-06-12T10:28:47.879Z] <<< [apiv2][body] POST https://www.googleapis.com/oauth2/v3/token [omitted]
[debug] [2026-06-12T10:28:47.879Z] >>> [apiv2][query] GET https://firebase.googleapis.com/v1beta1/projects pageSize=1000
[debug] [2026-06-12T10:28:47.897Z] <<< [apiv2][status] POST https://www.googleapis.com/oauth2/v3/token 400
[debug] [2026-06-12T10:28:47.898Z] <<< [apiv2][body] POST https://www.googleapis.com/oauth2/v3/token [omitted]
[debug] [2026-06-12T10:28:47.898Z] >>> [apiv2][query] GET https://firebase.googleapis.com/v1beta1/projects pageSize=1000
[debug] [2026-06-12T10:28:48.125Z] <<< [apiv2][status] GET https://firebase.googleapis.com/v1beta1/projects 401
[debug] [2026-06-12T10:28:48.126Z] <<< [apiv2][body] GET https://firebase.googleapis.com/v1beta1/projects [omitted]
[debug] [2026-06-12T10:28:48.126Z] Got a 401 Unauthenticated error for a call that required authentication. Refreshing tokens.
[debug] [2026-06-12T10:28:48.126Z] Checked if tokens are valid: false, expires at: 1780066207360
[debug] [2026-06-12T10:28:48.126Z] Checked if tokens are valid: false, expires at: 1780066207360
[debug] [2026-06-12T10:28:48.126Z] > refreshing access token with scopes: []
[debug] [2026-06-12T10:28:48.126Z] >>> [apiv2][query] POST https://www.googleapis.com/oauth2/v3/token [none]
[debug] [2026-06-12T10:28:48.126Z] >>> [apiv2][body] POST https://www.googleapis.com/oauth2/v3/token [omitted]
[debug] [2026-06-12T10:28:48.163Z] <<< [apiv2][status] GET https://firebase.googleapis.com/v1beta1/projects 401
[debug] [2026-06-12T10:28:48.163Z] <<< [apiv2][body] GET https://firebase.googleapis.com/v1beta1/projects [omitted]
[debug] [2026-06-12T10:28:48.163Z] Got a 401 Unauthenticated error for a call that required authentication. Refreshing tokens.
[debug] [2026-06-12T10:28:48.163Z] Checked if tokens are valid: false, expires at: 1780066207360
[debug] [2026-06-12T10:28:48.163Z] Checked if tokens are valid: false, expires at: 1780066207360
[debug] [2026-06-12T10:28:48.163Z] > refreshing access token with scopes: []
[debug] [2026-06-12T10:28:48.163Z] >>> [apiv2][query] POST https://www.googleapis.com/oauth2/v3/token [none]
[debug] [2026-06-12T10:28:48.164Z] >>> [apiv2][body] POST https://www.googleapis.com/oauth2/v3/token [omitted]
[debug] [2026-06-12T10:28:48.237Z] <<< [apiv2][status] POST https://www.googleapis.com/oauth2/v3/token 400
[debug] [2026-06-12T10:28:48.238Z] <<< [apiv2][body] POST https://www.googleapis.com/oauth2/v3/token [omitted]
[debug] [2026-06-12T10:28:48.238Z] Request to https://firebase.googleapis.com/v1beta1/projects?pageSize=1000 had HTTP Error: 401, Request had invalid authentication credentials. Expected OAuth 2 access token, login cookie or other valid authentication credential. See https://developers.google.com/identity/sign-in/web/devconsole-project.
[debug] [2026-06-12T10:28:48.272Z] <<< [apiv2][status] POST https://www.googleapis.com/oauth2/v3/token 400
[debug] [2026-06-12T10:28:48.272Z] <<< [apiv2][body] POST https://www.googleapis.com/oauth2/v3/token [omitted]
[debug] [2026-06-12T10:28:48.273Z] Request to https://firebase.googleapis.com/v1beta1/projects?pageSize=1000 had HTTP Error: 401, Request had invalid authentication credentials. Expected OAuth 2 access token, login cookie or other valid authentication credential. See https://developers.google.com/identity/sign-in/web/devconsole-project.
[debug] [2026-06-12T10:28:56.380Z] E0612 15:58:56.380500   55090 watch.go:40] Failed to load config from "/Users/neerajkaneria/StudioProjects/Flutter_Applications/dataconnect": could not find dataconnect.yaml in `/Users/neerajkaneria/StudioProjects/Flutter_Applications/dataconnect`
 {"metadata":{"emulator":{"name":"dataconnect"},"message":"E0612 15:58:56.380500   55090 watch.go:40] Failed to load config from \"/Users/neerajkaneria/StudioProjects/Flutter_Applications/dataconnect\": could not find dataconnect.yaml in `/Users/neerajkaneria/StudioProjects/Flutter_Applications/dataconnect`\n"}}
[debug] [2026-06-12T10:29:06.380Z] E0612 15:59:06.380584   55090 watch.go:40] Failed to load config from "/Users/neerajkaneria/StudioProjects/Flutter_Applications/dataconnect": could not find dataconnect.yaml in `/Users/neerajkaneria/StudioProjects/Flutter_Applications/dataconnect`
 {"metadata":{"emulator":{"name":"dataconnect"},"message":"E0612 15:59:06.380584   55090 watch.go:40] Failed to load config from \"/Users/neerajkaneria/StudioProjects/Flutter_Applications/dataconnect\": could not find dataconnect.yaml in `/Users/neerajkaneria/StudioProjects/Flutter_Applications/dataconnect`\n"}}
[debug] [2026-06-12T10:29:16.381Z] E0612 15:59:16.380763   55090 watch.go:40] Failed to load config from "/Users/neerajkaneria/StudioProjects/Flutter_Applications/dataconnect": could not find dataconnect.yaml in `/Users/neerajkaneria/StudioProjects/Flutter_Applications/dataconnect`
 {"metadata":{"emulator":{"name":"dataconnect"},"message":"E0612 15:59:16.380763   55090 watch.go:40] Failed to load config from \"/Users/neerajkaneria/StudioProjects/Flutter_Applications/dataconnect\": could not find dataconnect.yaml in `/Users/neerajkaneria/StudioProjects/Flutter_Applications/dataconnect`\n"}}
[debug] [2026-06-12T10:29:26.384Z] E0612 15:59:26.383353   55090 watch.go:40] Failed to load config from "/Users/neerajkaneria/StudioProjects/Flutter_Applications/dataconnect": could not find dataconnect.yaml in `/Users/neerajkaneria/StudioProjects/Flutter_Applications/dataconnect`
 {"metadata":{"emulator":{"name":"dataconnect"},"message":"E0612 15:59:26.383353   55090 watch.go:40] Failed to load config from \"/Users/neerajkaneria/StudioProjects/Flutter_Applications/dataconnect\": could not find dataconnect.yaml in `/Users/neerajkaneria/StudioProjects/Flutter_Applications/dataconnect`\n"}}
[debug] [2026-06-12T10:29:36.381Z] E0612 15:59:36.381009   55090 watch.go:40] Failed to load config from "/Users/neerajkaneria/StudioProjects/Flutter_Applications/dataconnect": could not find dataconnect.yaml in `/Users/neerajkaneria/StudioProjects/Flutter_Applications/dataconnect`
 {"metadata":{"emulator":{"name":"dataconnect"},"message":"E0612 15:59:36.381009   55090 watch.go:40] Failed to load config from \"/Users/neerajkaneria/StudioProjects/Flutter_Applications/dataconnect\": could not find dataconnect.yaml in `/Users/neerajkaneria/StudioProjects/Flutter_Applications/dataconnect`\n"}}
[debug] [2026-06-12T10:29:36.383Z] E0612 15:59:36.380620   55090 watch.go:116] watchAllDir unable to walk dir `/Users/neerajkaneria/StudioProjects/Flutter_Applications/dataconnect`: lstat /Users/neerajkaneria/StudioProjects/Flutter_Applications/dataconnect: no such file or directory
 {"metadata":{"emulator":{"name":"dataconnect"},"message":"E0612 15:59:36.380620   55090 watch.go:116] watchAllDir unable to walk dir `/Users/neerajkaneria/StudioProjects/Flutter_Applications/dataconnect`: lstat /Users/neerajkaneria/StudioProjects/Flutter_Applications/dataconnect: no such file or directory\n"}}
[debug] [2026-06-12T10:29:46.380Z] E0612 15:59:46.380450   55090 watch.go:40] Failed to load config from "/Users/neerajkaneria/StudioProjects/Flutter_Applications/dataconnect": could not find dataconnect.yaml in `/Users/neerajkaneria/StudioProjects/Flutter_Applications/dataconnect`
 {"metadata":{"emulator":{"name":"dataconnect"},"message":"E0612 15:59:46.380450   55090 watch.go:40] Failed to load config from \"/Users/neerajkaneria/StudioProjects/Flutter_Applications/dataconnect\": could not find dataconnect.yaml in `/Users/neerajkaneria/StudioProjects/Flutter_Applications/dataconnect`\n"}}
[debug] [2026-06-12T10:29:56.380Z] E0612 15:59:56.380086   55090 watch.go:40] Failed to load config from "/Users/neerajkaneria/StudioProjects/Flutter_Applications/dataconnect": could not find dataconnect.yaml in `/Users/neerajkaneria/StudioProjects/Flutter_Applications/dataconnect`
 {"metadata":{"emulator":{"name":"dataconnect"},"message":"E0612 15:59:56.380086   55090 watch.go:40] Failed to load config from \"/Users/neerajkaneria/StudioProjects/Flutter_Applications/dataconnect\": could not find dataconnect.yaml in `/Users/neerajkaneria/StudioProjects/Flutter_Applications/dataconnect`\n"}}
[debug] [2026-06-12T10:30:06.384Z] E0612 16:00:06.383410   55090 watch.go:40] Failed to load config from "/Users/neerajkaneria/StudioProjects/Flutter_Applications/dataconnect": could not find dataconnect.yaml in `/Users/neerajkaneria/StudioProjects/Flutter_Applications/dataconnect`
 {"metadata":{"emulator":{"name":"dataconnect"},"message":"E0612 16:00:06.383410   55090 watch.go:40] Failed to load config from \"/Users/neerajkaneria/StudioProjects/Flutter_Applications/dataconnect\": could not find dataconnect.yaml in `/Users/neerajkaneria/StudioProjects/Flutter_Applications/dataconnect`\n"}}
[debug] [2026-06-12T10:30:16.383Z] E0612 16:00:16.382917   55090 watch.go:40] Failed to load config from "/Users/neerajkaneria/StudioProjects/Flutter_Applications/dataconnect": could not find dataconnect.yaml in `/Users/neerajkaneria/StudioProjects/Flutter_Applications/dataconnect`
 {"metadata":{"emulator":{"name":"dataconnect"},"message":"E0612 16:00:16.382917   55090 watch.go:40] Failed to load config from \"/Users/neerajkaneria/StudioProjects/Flutter_Applications/dataconnect\": could not find dataconnect.yaml in `/Users/neerajkaneria/StudioProjects/Flutter_Applications/dataconnect`\n"}}
[debug] [2026-06-12T10:30:26.382Z] E0612 16:00:26.381732   55090 watch.go:40] Failed to load config from "/Users/neerajkaneria/StudioProjects/Flutter_Applications/dataconnect": could not find dataconnect.yaml in `/Users/neerajkaneria/StudioProjects/Flutter_Applications/dataconnect`
 {"metadata":{"emulator":{"name":"dataconnect"},"message":"E0612 16:00:26.381732   55090 watch.go:40] Failed to load config from \"/Users/neerajkaneria/StudioProjects/Flutter_Applications/dataconnect\": could not find dataconnect.yaml in `/Users/neerajkaneria/StudioProjects/Flutter_Applications/dataconnect`\n"}}
[debug] [2026-06-12T10:30:36.380Z] E0612 16:00:36.379475   55090 watch.go:40] Failed to load config from "/Users/neerajkaneria/StudioProjects/Flutter_Applications/dataconnect": could not find dataconnect.yaml in `/Users/neerajkaneria/StudioProjects/Flutter_Applications/dataconnect`
 {"metadata":{"emulator":{"name":"dataconnect"},"message":"E0612 16:00:36.379475   55090 watch.go:40] Failed to load config from \"/Users/neerajkaneria/StudioProjects/Flutter_Applications/dataconnect\": could not find dataconnect.yaml in `/Users/neerajkaneria/StudioProjects/Flutter_Applications/dataconnect`\n"}}
[debug] [2026-06-12T10:30:36.383Z] E0612 16:00:36.379344   55090 watch.go:116] watchAllDir unable to walk dir `/Users/neerajkaneria/StudioProjects/Flutter_Applications/dataconnect`: lstat /Users/neerajkaneria/StudioProjects/Flutter_Applications/dataconnect: no such file or directory
 {"metadata":{"emulator":{"name":"dataconnect"},"message":"E0612 16:00:36.379344   55090 watch.go:116] watchAllDir unable to walk dir `/Users/neerajkaneria/StudioProjects/Flutter_Applications/dataconnect`: lstat /Users/neerajkaneria/StudioProjects/Flutter_Applications/dataconnect: no such file or directory\n"}}
[debug] [2026-06-12T10:30:46.380Z] E0612 16:00:46.380248   55090 watch.go:40] Failed to load config from "/Users/neerajkaneria/StudioProjects/Flutter_Applications/dataconnect": could not find dataconnect.yaml in `/Users/neerajkaneria/StudioProjects/Flutter_Applications/dataconnect`
 {"metadata":{"emulator":{"name":"dataconnect"},"message":"E0612 16:00:46.380248   55090 watch.go:40] Failed to load config from \"/Users/neerajkaneria/StudioProjects/Flutter_Applications/dataconnect\": could not find dataconnect.yaml in `/Users/neerajkaneria/StudioProjects/Flutter_Applications/dataconnect`\n"}}
[debug] [2026-06-12T10:30:56.381Z] E0612 16:00:56.381342   55090 watch.go:40] Failed to load config from "/Users/neerajkaneria/StudioProjects/Flutter_Applications/dataconnect": could not find dataconnect.yaml in `/Users/neerajkaneria/StudioProjects/Flutter_Applications/dataconnect`
 {"metadata":{"emulator":{"name":"dataconnect"},"message":"E0612 16:00:56.381342   55090 watch.go:40] Failed to load config from \"/Users/neerajkaneria/StudioProjects/Flutter_Applications/dataconnect\": could not find dataconnect.yaml in `/Users/neerajkaneria/StudioProjects/Flutter_Applications/dataconnect`\n"}}
[debug] [2026-06-12T10:31:02.293Z] >>> [apiv2][query] GET https://accounts.google.com/o/oauth2/revoke token=1%2F%2F0gc9tNvnKdQg0CgYIARAAGBASNwF-L9Ir_Tk1Juv1wOpPuoUpiSo25UMfH6B2YZpfLqEGl7EK3wIYtURNjEEwc-O2T1TEUsLYynk
[debug] [2026-06-12T10:31:02.496Z] <<< [apiv2][status] GET https://accounts.google.com/o/oauth2/revoke 400
[debug] [2026-06-12T10:31:02.496Z] <<< [apiv2][body] GET https://accounts.google.com/o/oauth2/revoke {"error":"invalid_token"}
[warn] ⚠  Invalid refresh token for adityakareliya28@gmail.com, did not need to deauthorize 
[info] ✔  Logged out from adityakareliya28@gmail.com 
[info] 
[info] Visit this URL on this device to log in:
[info] https://accounts.google.com/o/oauth2/auth?client_id=563584335869-fgrhgmd47bqnekij5i8b5pr03ho849e6.apps.googleusercontent.com&scope=email%20openid%20https%3A%2F%2Fwww.googleapis.com%2Fauth%2Fcloudplatformprojects.readonly%20https%3A%2F%2Fwww.googleapis.com%2Fauth%2Ffirebase%20https%3A%2F%2Fwww.googleapis.com%2Fauth%2Fcloud-platform&response_type=code&state=731326215&redirect_uri=http%3A%2F%2Flocalhost%3A9005
[info] 
[info] Waiting for authentication...
[debug] [2026-06-12T10:31:06.380Z] E0612 16:01:06.379838   55090 watch.go:40] Failed to load config from "/Users/neerajkaneria/StudioProjects/Flutter_Applications/dataconnect": could not find dataconnect.yaml in `/Users/neerajkaneria/StudioProjects/Flutter_Applications/dataconnect`
 {"metadata":{"emulator":{"name":"dataconnect"},"message":"E0612 16:01:06.379838   55090 watch.go:40] Failed to load config from \"/Users/neerajkaneria/StudioProjects/Flutter_Applications/dataconnect\": could not find dataconnect.yaml in `/Users/neerajkaneria/StudioProjects/Flutter_Applications/dataconnect`\n"}}
[debug] [2026-06-12T10:31:16.388Z] E0612 16:01:16.385210   55090 watch.go:40] Failed to load config from "/Users/neerajkaneria/StudioProjects/Flutter_Applications/dataconnect": could not find dataconnect.yaml in `/Users/neerajkaneria/StudioProjects/Flutter_Applications/dataconnect`
 {"metadata":{"emulator":{"name":"dataconnect"},"message":"E0612 16:01:16.385210   55090 watch.go:40] Failed to load config from \"/Users/neerajkaneria/StudioProjects/Flutter_Applications/dataconnect\": could not find dataconnect.yaml in `/Users/neerajkaneria/StudioProjects/Flutter_Applications/dataconnect`\n"}}
[debug] [2026-06-12T10:31:26.380Z] E0612 16:01:26.380266   55090 watch.go:40] Failed to load config from "/Users/neerajkaneria/StudioProjects/Flutter_Applications/dataconnect": could not find dataconnect.yaml in `/Users/neerajkaneria/StudioProjects/Flutter_Applications/dataconnect`
 {"metadata":{"emulator":{"name":"dataconnect"},"message":"E0612 16:01:26.380266   55090 watch.go:40] Failed to load config from \"/Users/neerajkaneria/StudioProjects/Flutter_Applications/dataconnect\": could not find dataconnect.yaml in `/Users/neerajkaneria/StudioProjects/Flutter_Applications/dataconnect`\n"}}
[debug] [2026-06-12T10:31:36.379Z] E0612 16:01:36.379363   55090 watch.go:40] Failed to load config from "/Users/neerajkaneria/StudioProjects/Flutter_Applications/dataconnect": could not find dataconnect.yaml in `/Users/neerajkaneria/StudioProjects/Flutter_Applications/dataconnect`
 {"metadata":{"emulator":{"name":"dataconnect"},"message":"E0612 16:01:36.379363   55090 watch.go:40] Failed to load config from \"/Users/neerajkaneria/StudioProjects/Flutter_Applications/dataconnect\": could not find dataconnect.yaml in `/Users/neerajkaneria/StudioProjects/Flutter_Applications/dataconnect`\n"}}
[debug] [2026-06-12T10:31:36.386Z] E0612 16:01:36.380032   55090 watch.go:116] watchAllDir unable to walk dir `/Users/neerajkaneria/StudioProjects/Flutter_Applications/dataconnect`: lstat /Users/neerajkaneria/StudioProjects/Flutter_Applications/dataconnect: no such file or directory
 {"metadata":{"emulator":{"name":"dataconnect"},"message":"E0612 16:01:36.380032   55090 watch.go:116] watchAllDir unable to walk dir `/Users/neerajkaneria/StudioProjects/Flutter_Applications/dataconnect`: lstat /Users/neerajkaneria/StudioProjects/Flutter_Applications/dataconnect: no such file or directory\n"}}
[debug] [2026-06-12T10:31:46.380Z] E0612 16:01:46.380483   55090 watch.go:40] Failed to load config from "/Users/neerajkaneria/StudioProjects/Flutter_Applications/dataconnect": could not find dataconnect.yaml in `/Users/neerajkaneria/StudioProjects/Flutter_Applications/dataconnect`
 {"metadata":{"emulator":{"name":"dataconnect"},"message":"E0612 16:01:46.380483   55090 watch.go:40] Failed to load config from \"/Users/neerajkaneria/StudioProjects/Flutter_Applications/dataconnect\": could not find dataconnect.yaml in `/Users/neerajkaneria/StudioProjects/Flutter_Applications/dataconnect`\n"}}
[debug] [2026-06-12T10:31:50.774Z] >>> [apiv2][query] POST https://accounts.google.com/o/oauth2/token [none]
[debug] [2026-06-12T10:31:50.775Z] >>> [apiv2][body] POST https://accounts.google.com/o/oauth2/token [omitted]
[debug] [2026-06-12T10:31:50.938Z] <<< [apiv2][status] POST https://accounts.google.com/o/oauth2/token 200
[debug] [2026-06-12T10:31:50.938Z] <<< [apiv2][body] POST https://accounts.google.com/o/oauth2/token [omitted]
[info] [Firebase Plugin] (Core:Project) New user detected, fetching projects
[debug] [2026-06-12T10:31:50.962Z] Checked if tokens are valid: true, expires at: 1781263909938
[debug] [2026-06-12T10:31:50.964Z] >>> [apiv2][query] GET https://firebase.googleapis.com/v1beta1/projects pageSize=1000
[debug] [2026-06-12T10:31:51.137Z] <<< [apiv2][status] GET https://firebase.googleapis.com/v1beta1/projects 401
[debug] [2026-06-12T10:31:51.137Z] <<< [apiv2][body] GET https://firebase.googleapis.com/v1beta1/projects [omitted]
[debug] [2026-06-12T10:31:51.137Z] Got a 401 Unauthenticated error for a call that required authentication. Refreshing tokens.
[debug] [2026-06-12T10:31:51.137Z] Checked if tokens are valid: true, expires at: 1781263909938
[debug] [2026-06-12T10:31:51.137Z] Checked if tokens are valid: true, expires at: 1781263909938
[debug] [2026-06-12T10:31:51.138Z] Request to https://firebase.googleapis.com/v1beta1/projects?pageSize=1000 had HTTP Error: 401, Request had invalid authentication credentials. Expected OAuth 2 access token, login cookie or other valid authentication credential. See https://developers.google.com/identity/sign-in/web/devconsole-project.
[debug] [2026-06-12T10:31:56.384Z] E0612 16:01:56.382281   55090 watch.go:40] Failed to load config from "/Users/neerajkaneria/StudioProjects/Flutter_Applications/dataconnect": could not find dataconnect.yaml in `/Users/neerajkaneria/StudioProjects/Flutter_Applications/dataconnect`
 {"metadata":{"emulator":{"name":"dataconnect"},"message":"E0612 16:01:56.382281   55090 watch.go:40] Failed to load config from \"/Users/neerajkaneria/StudioProjects/Flutter_Applications/dataconnect\": could not find dataconnect.yaml in `/Users/neerajkaneria/StudioProjects/Flutter_Applications/dataconnect`\n"}}
[debug] [2026-06-12T10:32:06.379Z] E0612 16:02:06.379056   55090 watch.go:40] Failed to load config from "/Users/neerajkaneria/StudioProjects/Flutter_Applications/dataconnect": could not find dataconnect.yaml in `/Users/neerajkaneria/StudioProjects/Flutter_Applications/dataconnect`
 {"metadata":{"emulator":{"name":"dataconnect"},"message":"E0612 16:02:06.379056   55090 watch.go:40] Failed to load config from \"/Users/neerajkaneria/StudioProjects/Flutter_Applications/dataconnect\": could not find dataconnect.yaml in `/Users/neerajkaneria/StudioProjects/Flutter_Applications/dataconnect`\n"}}
[debug] [2026-06-12T10:32:16.379Z] E0612 16:02:16.379420   55090 watch.go:40] Failed to load config from "/Users/neerajkaneria/StudioProjects/Flutter_Applications/dataconnect": could not find dataconnect.yaml in `/Users/neerajkaneria/StudioProjects/Flutter_Applications/dataconnect`
 {"metadata":{"emulator":{"name":"dataconnect"},"message":"E0612 16:02:16.379420   55090 watch.go:40] Failed to load config from \"/Users/neerajkaneria/StudioProjects/Flutter_Applications/dataconnect\": could not find dataconnect.yaml in `/Users/neerajkaneria/StudioProjects/Flutter_Applications/dataconnect`\n"}}
[debug] [2026-06-12T10:32:26.389Z] E0612 16:02:26.384182   55090 watch.go:40] Failed to load config from "/Users/neerajkaneria/StudioProjects/Flutter_Applications/dataconnect": could not find dataconnect.yaml in `/Users/neerajkaneria/StudioProjects/Flutter_Applications/dataconnect`
 {"metadata":{"emulator":{"name":"dataconnect"},"message":"E0612 16:02:26.384182   55090 watch.go:40] Failed to load config from \"/Users/neerajkaneria/StudioProjects/Flutter_Applications/dataconnect\": could not find dataconnect.yaml in `/Users/neerajkaneria/StudioProjects/Flutter_Applications/dataconnect`\n"}}
[debug] [2026-06-12T10:32:36.379Z] E0612 16:02:36.378907   55090 watch.go:40] Failed to load config from "/Users/neerajkaneria/StudioProjects/Flutter_Applications/dataconnect": could not find dataconnect.yaml in `/Users/neerajkaneria/StudioProjects/Flutter_Applications/dataconnect`
 {"metadata":{"emulator":{"name":"dataconnect"},"message":"E0612 16:02:36.378907   55090 watch.go:40] Failed to load config from \"/Users/neerajkaneria/StudioProjects/Flutter_Applications/dataconnect\": could not find dataconnect.yaml in `/Users/neerajkaneria/StudioProjects/Flutter_Applications/dataconnect`\n"}}
[debug] [2026-06-12T10:32:36.381Z] E0612 16:02:36.378828   55090 watch.go:116] watchAllDir unable to walk dir `/Users/neerajkaneria/StudioProjects/Flutter_Applications/dataconnect`: lstat /Users/neerajkaneria/StudioProjects/Flutter_Applications/dataconnect: no such file or directory
 {"metadata":{"emulator":{"name":"dataconnect"},"message":"E0612 16:02:36.378828   55090 watch.go:116] watchAllDir unable to walk dir `/Users/neerajkaneria/StudioProjects/Flutter_Applications/dataconnect`: lstat /Users/neerajkaneria/StudioProjects/Flutter_Applications/dataconnect: no such file or directory\n"}}
[debug] [2026-06-12T10:32:46.380Z] E0612 16:02:46.379474   55090 watch.go:40] Failed to load config from "/Users/neerajkaneria/StudioProjects/Flutter_Applications/dataconnect": could not find dataconnect.yaml in `/Users/neerajkaneria/StudioProjects/Flutter_Applications/dataconnect`
 {"metadata":{"emulator":{"name":"dataconnect"},"message":"E0612 16:02:46.379474   55090 watch.go:40] Failed to load config from \"/Users/neerajkaneria/StudioProjects/Flutter_Applications/dataconnect\": could not find dataconnect.yaml in `/Users/neerajkaneria/StudioProjects/Flutter_Applications/dataconnect`\n"}}
[debug] [2026-06-12T10:32:56.379Z] E0612 16:02:56.379110   55090 watch.go:40] Failed to load config from "/Users/neerajkaneria/StudioProjects/Flutter_Applications/dataconnect": could not find dataconnect.yaml in `/Users/neerajkaneria/StudioProjects/Flutter_Applications/dataconnect`
 {"metadata":{"emulator":{"name":"dataconnect"},"message":"E0612 16:02:56.379110   55090 watch.go:40] Failed to load config from \"/Users/neerajkaneria/StudioProjects/Flutter_Applications/dataconnect\": could not find dataconnect.yaml in `/Users/neerajkaneria/StudioProjects/Flutter_Applications/dataconnect`\n"}}
[debug] [2026-06-12T10:33:06.379Z] E0612 16:03:06.378737   55090 watch.go:40] Failed to load config from "/Users/neerajkaneria/StudioProjects/Flutter_Applications/dataconnect": could not find dataconnect.yaml in `/Users/neerajkaneria/StudioProjects/Flutter_Applications/dataconnect`
 {"metadata":{"emulator":{"name":"dataconnect"},"message":"E0612 16:03:06.378737   55090 watch.go:40] Failed to load config from \"/Users/neerajkaneria/StudioProjects/Flutter_Applications/dataconnect\": could not find dataconnect.yaml in `/Users/neerajkaneria/StudioProjects/Flutter_Applications/dataconnect`\n"}}
[debug] [2026-06-12T10:33:16.379Z] E0612 16:03:16.379281   55090 watch.go:40] Failed to load config from "/Users/neerajkaneria/StudioProjects/Flutter_Applications/dataconnect": could not find dataconnect.yaml in `/Users/neerajkaneria/StudioProjects/Flutter_Applications/dataconnect`
 {"metadata":{"emulator":{"name":"dataconnect"},"message":"E0612 16:03:16.379281   55090 watch.go:40] Failed to load config from \"/Users/neerajkaneria/StudioProjects/Flutter_Applications/dataconnect\": could not find dataconnect.yaml in `/Users/neerajkaneria/StudioProjects/Flutter_Applications/dataconnect`\n"}}
[debug] [2026-06-12T10:33:26.379Z] E0612 16:03:26.379055   55090 watch.go:40] Failed to load config from "/Users/neerajkaneria/StudioProjects/Flutter_Applications/dataconnect": could not find dataconnect.yaml in `/Users/neerajkaneria/StudioProjects/Flutter_Applications/dataconnect`
 {"metadata":{"emulator":{"name":"dataconnect"},"message":"E0612 16:03:26.379055   55090 watch.go:40] Failed to load config from \"/Users/neerajkaneria/StudioProjects/Flutter_Applications/dataconnect\": could not find dataconnect.yaml in `/Users/neerajkaneria/StudioProjects/Flutter_Applications/dataconnect`\n"}}
[debug] [2026-06-12T10:33:36.379Z] E0612 16:03:36.378252   55090 watch.go:40] Failed to load config from "/Users/neerajkaneria/StudioProjects/Flutter_Applications/dataconnect": could not find dataconnect.yaml in `/Users/neerajkaneria/StudioProjects/Flutter_Applications/dataconnect`
 {"metadata":{"emulator":{"name":"dataconnect"},"message":"E0612 16:03:36.378252   55090 watch.go:40] Failed to load config from \"/Users/neerajkaneria/StudioProjects/Flutter_Applications/dataconnect\": could not find dataconnect.yaml in `/Users/neerajkaneria/StudioProjects/Flutter_Applications/dataconnect`\n"}}
[debug] [2026-06-12T10:33:36.380Z] E0612 16:03:36.378237   55090 watch.go:116] watchAllDir unable to walk dir `/Users/neerajkaneria/StudioProjects/Flutter_Applications/dataconnect`: lstat /Users/neerajkaneria/StudioProjects/Flutter_Applications/dataconnect: no such file or directory
 {"metadata":{"emulator":{"name":"dataconnect"},"message":"E0612 16:03:36.378237   55090 watch.go:116] watchAllDir unable to walk dir `/Users/neerajkaneria/StudioProjects/Flutter_Applications/dataconnect`: lstat /Users/neerajkaneria/StudioProjects/Flutter_Applications/dataconnect: no such file or directory\n"}}
[debug] [2026-06-12T10:33:46.379Z] E0612 16:03:46.378925   55090 watch.go:40] Failed to load config from "/Users/neerajkaneria/StudioProjects/Flutter_Applications/dataconnect": could not find dataconnect.yaml in `/Users/neerajkaneria/StudioProjects/Flutter_Applications/dataconnect`
 {"metadata":{"emulator":{"name":"dataconnect"},"message":"E0612 16:03:46.378925   55090 watch.go:40] Failed to load config from \"/Users/neerajkaneria/StudioProjects/Flutter_Applications/dataconnect\": could not find dataconnect.yaml in `/Users/neerajkaneria/StudioProjects/Flutter_Applications/dataconnect`\n"}}
[debug] [2026-06-12T10:33:56.378Z] E0612 16:03:56.378493   55090 watch.go:40] Failed to load config from "/Users/neerajkaneria/StudioProjects/Flutter_Applications/dataconnect": could not find dataconnect.yaml in `/Users/neerajkaneria/StudioProjects/Flutter_Applications/dataconnect`
 {"metadata":{"emulator":{"name":"dataconnect"},"message":"E0612 16:03:56.378493   55090 watch.go:40] Failed to load config from \"/Users/neerajkaneria/StudioProjects/Flutter_Applications/dataconnect\": could not find dataconnect.yaml in `/Users/neerajkaneria/StudioProjects/Flutter_Applications/dataconnect`\n"}}
[debug] [2026-06-12T10:34:06.382Z] E0612 16:04:06.379129   55090 watch.go:40] Failed to load config from "/Users/neerajkaneria/StudioProjects/Flutter_Applications/dataconnect": could not find dataconnect.yaml in `/Users/neerajkaneria/StudioProjects/Flutter_Applications/dataconnect`
 {"metadata":{"emulator":{"name":"dataconnect"},"message":"E0612 16:04:06.379129   55090 watch.go:40] Failed to load config from \"/Users/neerajkaneria/StudioProjects/Flutter_Applications/dataconnect\": could not find dataconnect.yaml in `/Users/neerajkaneria/StudioProjects/Flutter_Applications/dataconnect`\n"}}
[debug] [2026-06-12T10:34:16.378Z] E0612 16:04:16.378011   55090 watch.go:40] Failed to load config from "/Users/neerajkaneria/StudioProjects/Flutter_Applications/dataconnect": could not find dataconnect.yaml in `/Users/neerajkaneria/StudioProjects/Flutter_Applications/dataconnect`
 {"metadata":{"emulator":{"name":"dataconnect"},"message":"E0612 16:04:16.378011   55090 watch.go:40] Failed to load config from \"/Users/neerajkaneria/StudioProjects/Flutter_Applications/dataconnect\": could not find dataconnect.yaml in `/Users/neerajkaneria/StudioProjects/Flutter_Applications/dataconnect`\n"}}
[debug] [2026-06-12T10:34:26.378Z] E0612 16:04:26.378072   55090 watch.go:40] Failed to load config from "/Users/neerajkaneria/StudioProjects/Flutter_Applications/dataconnect": could not find dataconnect.yaml in `/Users/neerajkaneria/StudioProjects/Flutter_Applications/dataconnect`
 {"metadata":{"emulator":{"name":"dataconnect"},"message":"E0612 16:04:26.378072   55090 watch.go:40] Failed to load config from \"/Users/neerajkaneria/StudioProjects/Flutter_Applications/dataconnect\": could not find dataconnect.yaml in `/Users/neerajkaneria/StudioProjects/Flutter_Applications/dataconnect`\n"}}
[debug] [2026-06-12T10:34:36.378Z] E0612 16:04:36.377850   55090 watch.go:116] watchAllDir unable to walk dir `/Users/neerajkaneria/StudioProjects/Flutter_Applications/dataconnect`: lstat /Users/neerajkaneria/StudioProjects/Flutter_Applications/dataconnect: no such file or directory
E0612 16:04:36.377960   55090 watch.go:40] Failed to load config from "/Users/neerajkaneria/StudioProjects/Flutter_Applications/dataconnect": could not find dataconnect.yaml in `/Users/neerajkaneria/StudioProjects/Flutter_Applications/dataconnect`
 {"metadata":{"emulator":{"name":"dataconnect"},"message":"E0612 16:04:36.377850   55090 watch.go:116] watchAllDir unable to walk dir `/Users/neerajkaneria/StudioProjects/Flutter_Applications/dataconnect`: lstat /Users/neerajkaneria/StudioProjects/Flutter_Applications/dataconnect: no such file or directory\nE0612 16:04:36.377960   55090 watch.go:40] Failed to load config from \"/Users/neerajkaneria/StudioProjects/Flutter_Applications/dataconnect\": could not find dataconnect.yaml in `/Users/neerajkaneria/StudioProjects/Flutter_Applications/dataconnect`\n"}}
[debug] [2026-06-12T10:34:46.378Z] E0612 16:04:46.378042   55090 watch.go:40] Failed to load config from "/Users/neerajkaneria/StudioProjects/Flutter_Applications/dataconnect": could not find dataconnect.yaml in `/Users/neerajkaneria/StudioProjects/Flutter_Applications/dataconnect`
 {"metadata":{"emulator":{"name":"dataconnect"},"message":"E0612 16:04:46.378042   55090 watch.go:40] Failed to load config from \"/Users/neerajkaneria/StudioProjects/Flutter_Applications/dataconnect\": could not find dataconnect.yaml in `/Users/neerajkaneria/StudioProjects/Flutter_Applications/dataconnect`\n"}}
[debug] [2026-06-12T10:34:56.377Z] E0612 16:04:56.377592   55090 watch.go:40] Failed to load config from "/Users/neerajkaneria/StudioProjects/Flutter_Applications/dataconnect": could not find dataconnect.yaml in `/Users/neerajkaneria/StudioProjects/Flutter_Applications/dataconnect`
 {"metadata":{"emulator":{"name":"dataconnect"},"message":"E0612 16:04:56.377592   55090 watch.go:40] Failed to load config from \"/Users/neerajkaneria/StudioProjects/Flutter_Applications/dataconnect\": could not find dataconnect.yaml in `/Users/neerajkaneria/StudioProjects/Flutter_Applications/dataconnect`\n"}}
[debug] [2026-06-12T10:35:06.377Z] E0612 16:05:06.377550   55090 watch.go:40] Failed to load config from "/Users/neerajkaneria/StudioProjects/Flutter_Applications/dataconnect": could not find dataconnect.yaml in `/Users/neerajkaneria/StudioProjects/Flutter_Applications/dataconnect`
 {"metadata":{"emulator":{"name":"dataconnect"},"message":"E0612 16:05:06.377550   55090 watch.go:40] Failed to load config from \"/Users/neerajkaneria/StudioProjects/Flutter_Applications/dataconnect\": could not find dataconnect.yaml in `/Users/neerajkaneria/StudioProjects/Flutter_Applications/dataconnect`\n"}}
[debug] [2026-06-12T10:35:16.378Z] E0612 16:05:16.377724   55090 watch.go:40] Failed to load config from "/Users/neerajkaneria/StudioProjects/Flutter_Applications/dataconnect": could not find dataconnect.yaml in `/Users/neerajkaneria/StudioProjects/Flutter_Applications/dataconnect`
 {"metadata":{"emulator":{"name":"dataconnect"},"message":"E0612 16:05:16.377724   55090 watch.go:40] Failed to load config from \"/Users/neerajkaneria/StudioProjects/Flutter_Applications/dataconnect\": could not find dataconnect.yaml in `/Users/neerajkaneria/StudioProjects/Flutter_Applications/dataconnect`\n"}}
[debug] [2026-06-12T10:35:26.378Z] E0612 16:05:26.377784   55090 watch.go:40] Failed to load config from "/Users/neerajkaneria/StudioProjects/Flutter_Applications/dataconnect": could not find dataconnect.yaml in `/Users/neerajkaneria/StudioProjects/Flutter_Applications/dataconnect`
 {"metadata":{"emulator":{"name":"dataconnect"},"message":"E0612 16:05:26.377784   55090 watch.go:40] Failed to load config from \"/Users/neerajkaneria/StudioProjects/Flutter_Applications/dataconnect\": could not find dataconnect.yaml in `/Users/neerajkaneria/StudioProjects/Flutter_Applications/dataconnect`\n"}}
[debug] [2026-06-12T10:35:36.377Z] E0612 16:05:36.377275   55090 watch.go:40] Failed to load config from "/Users/neerajkaneria/StudioProjects/Flutter_Applications/dataconnect": could not find dataconnect.yaml in `/Users/neerajkaneria/StudioProjects/Flutter_Applications/dataconnect`
E0612 16:05:36.377244   55090 watch.go:116] watchAllDir unable to walk dir `/Users/neerajkaneria/StudioProjects/Flutter_Applications/dataconnect`: lstat /Users/neerajkaneria/StudioProjects/Flutter_Applications/dataconnect: no such file or directory
 {"metadata":{"emulator":{"name":"dataconnect"},"message":"E0612 16:05:36.377275   55090 watch.go:40] Failed to load config from \"/Users/neerajkaneria/StudioProjects/Flutter_Applications/dataconnect\": could not find dataconnect.yaml in `/Users/neerajkaneria/StudioProjects/Flutter_Applications/dataconnect`\nE0612 16:05:36.377244   55090 watch.go:116] watchAllDir unable to walk dir `/Users/neerajkaneria/StudioProjects/Flutter_Applications/dataconnect`: lstat /Users/neerajkaneria/StudioProjects/Flutter_Applications/dataconnect: no such file or directory\n"}}
[debug] [2026-06-12T10:35:46.377Z] E0612 16:05:46.377178   55090 watch.go:40] Failed to load config from "/Users/neerajkaneria/StudioProjects/Flutter_Applications/dataconnect": could not find dataconnect.yaml in `/Users/neerajkaneria/StudioProjects/Flutter_Applications/dataconnect`
 {"metadata":{"emulator":{"name":"dataconnect"},"message":"E0612 16:05:46.377178   55090 watch.go:40] Failed to load config from \"/Users/neerajkaneria/StudioProjects/Flutter_Applications/dataconnect\": could not find dataconnect.yaml in `/Users/neerajkaneria/StudioProjects/Flutter_Applications/dataconnect`\n"}}
[debug] [2026-06-12T10:35:56.378Z] E0612 16:05:56.377413   55090 watch.go:40] Failed to load config from "/Users/neerajkaneria/StudioProjects/Flutter_Applications/dataconnect": could not find dataconnect.yaml in `/Users/neerajkaneria/StudioProjects/Flutter_Applications/dataconnect`
 {"metadata":{"emulator":{"name":"dataconnect"},"message":"E0612 16:05:56.377413   55090 watch.go:40] Failed to load config from \"/Users/neerajkaneria/StudioProjects/Flutter_Applications/dataconnect\": could not find dataconnect.yaml in `/Users/neerajkaneria/StudioProjects/Flutter_Applications/dataconnect`\n"}}
[debug] [2026-06-12T10:36:06.377Z] E0612 16:06:06.376904   55090 watch.go:40] Failed to load config from "/Users/neerajkaneria/StudioProjects/Flutter_Applications/dataconnect": could not find dataconnect.yaml in `/Users/neerajkaneria/StudioProjects/Flutter_Applications/dataconnect`
 {"metadata":{"emulator":{"name":"dataconnect"},"message":"E0612 16:06:06.376904   55090 watch.go:40] Failed to load config from \"/Users/neerajkaneria/StudioProjects/Flutter_Applications/dataconnect\": could not find dataconnect.yaml in `/Users/neerajkaneria/StudioProjects/Flutter_Applications/dataconnect`\n"}}
[debug] [2026-06-12T10:36:16.378Z] E0612 16:06:16.378660   55090 watch.go:40] Failed to load config from "/Users/neerajkaneria/StudioProjects/Flutter_Applications/dataconnect": could not find dataconnect.yaml in `/Users/neerajkaneria/StudioProjects/Flutter_Applications/dataconnect`
 {"metadata":{"emulator":{"name":"dataconnect"},"message":"E0612 16:06:16.378660   55090 watch.go:40] Failed to load config from \"/Users/neerajkaneria/StudioProjects/Flutter_Applications/dataconnect\": could not find dataconnect.yaml in `/Users/neerajkaneria/StudioProjects/Flutter_Applications/dataconnect`\n"}}
[debug] [2026-06-12T10:36:26.377Z] E0612 16:06:26.377234   55090 watch.go:40] Failed to load config from "/Users/neerajkaneria/StudioProjects/Flutter_Applications/dataconnect": could not find dataconnect.yaml in `/Users/neerajkaneria/StudioProjects/Flutter_Applications/dataconnect`
 {"metadata":{"emulator":{"name":"dataconnect"},"message":"E0612 16:06:26.377234   55090 watch.go:40] Failed to load config from \"/Users/neerajkaneria/StudioProjects/Flutter_Applications/dataconnect\": could not find dataconnect.yaml in `/Users/neerajkaneria/StudioProjects/Flutter_Applications/dataconnect`\n"}}
[debug] [2026-06-12T10:36:36.377Z] E0612 16:06:36.376705   55090 watch.go:116] watchAllDir unable to walk dir `/Users/neerajkaneria/StudioProjects/Flutter_Applications/dataconnect`: lstat /Users/neerajkaneria/StudioProjects/Flutter_Applications/dataconnect: no such file or directory
 {"metadata":{"emulator":{"name":"dataconnect"},"message":"E0612 16:06:36.376705   55090 watch.go:116] watchAllDir unable to walk dir `/Users/neerajkaneria/StudioProjects/Flutter_Applications/dataconnect`: lstat /Users/neerajkaneria/StudioProjects/Flutter_Applications/dataconnect: no such file or directory\n"}}
[debug] [2026-06-12T10:36:36.378Z] E0612 16:06:36.376750   55090 watch.go:40] Failed to load config from "/Users/neerajkaneria/StudioProjects/Flutter_Applications/dataconnect": could not find dataconnect.yaml in `/Users/neerajkaneria/StudioProjects/Flutter_Applications/dataconnect`
 {"metadata":{"emulator":{"name":"dataconnect"},"message":"E0612 16:06:36.376750   55090 watch.go:40] Failed to load config from \"/Users/neerajkaneria/StudioProjects/Flutter_Applications/dataconnect\": could not find dataconnect.yaml in `/Users/neerajkaneria/StudioProjects/Flutter_Applications/dataconnect`\n"}}
[debug] [2026-06-12T10:36:46.377Z] E0612 16:06:46.376658   55090 watch.go:40] Failed to load config from "/Users/neerajkaneria/StudioProjects/Flutter_Applications/dataconnect": could not find dataconnect.yaml in `/Users/neerajkaneria/StudioProjects/Flutter_Applications/dataconnect`
 {"metadata":{"emulator":{"name":"dataconnect"},"message":"E0612 16:06:46.376658   55090 watch.go:40] Failed to load config from \"/Users/neerajkaneria/StudioProjects/Flutter_Applications/dataconnect\": could not find dataconnect.yaml in `/Users/neerajkaneria/StudioProjects/Flutter_Applications/dataconnect`\n"}}
[debug] [2026-06-12T10:36:56.377Z] E0612 16:06:56.376962   55090 watch.go:40] Failed to load config from "/Users/neerajkaneria/StudioProjects/Flutter_Applications/dataconnect": could not find dataconnect.yaml in `/Users/neerajkaneria/StudioProjects/Flutter_Applications/dataconnect`
 {"metadata":{"emulator":{"name":"dataconnect"},"message":"E0612 16:06:56.376962   55090 watch.go:40] Failed to load config from \"/Users/neerajkaneria/StudioProjects/Flutter_Applications/dataconnect\": could not find dataconnect.yaml in `/Users/neerajkaneria/StudioProjects/Flutter_Applications/dataconnect`\n"}}
[debug] [2026-06-12T10:37:06.376Z] E0612 16:07:06.376468   55090 watch.go:40] Failed to load config from "/Users/neerajkaneria/StudioProjects/Flutter_Applications/dataconnect": could not find dataconnect.yaml in `/Users/neerajkaneria/StudioProjects/Flutter_Applications/dataconnect`
 {"metadata":{"emulator":{"name":"dataconnect"},"message":"E0612 16:07:06.376468   55090 watch.go:40] Failed to load config from \"/Users/neerajkaneria/StudioProjects/Flutter_Applications/dataconnect\": could not find dataconnect.yaml in `/Users/neerajkaneria/StudioProjects/Flutter_Applications/dataconnect`\n"}}
[debug] [2026-06-12T10:37:16.378Z] E0612 16:07:16.378158   55090 watch.go:40] Failed to load config from "/Users/neerajkaneria/StudioProjects/Flutter_Applications/dataconnect": could not find dataconnect.yaml in `/Users/neerajkaneria/StudioProjects/Flutter_Applications/dataconnect`
 {"metadata":{"emulator":{"name":"dataconnect"},"message":"E0612 16:07:16.378158   55090 watch.go:40] Failed to load config from \"/Users/neerajkaneria/StudioProjects/Flutter_Applications/dataconnect\": could not find dataconnect.yaml in `/Users/neerajkaneria/StudioProjects/Flutter_Applications/dataconnect`\n"}}
[debug] [2026-06-12T10:37:26.376Z] E0612 16:07:26.376563   55090 watch.go:40] Failed to load config from "/Users/neerajkaneria/StudioProjects/Flutter_Applications/dataconnect": could not find dataconnect.yaml in `/Users/neerajkaneria/StudioProjects/Flutter_Applications/dataconnect`
 {"metadata":{"emulator":{"name":"dataconnect"},"message":"E0612 16:07:26.376563   55090 watch.go:40] Failed to load config from \"/Users/neerajkaneria/StudioProjects/Flutter_Applications/dataconnect\": could not find dataconnect.yaml in `/Users/neerajkaneria/StudioProjects/Flutter_Applications/dataconnect`\n"}}
[debug] [2026-06-12T10:37:36.377Z] E0612 16:07:36.376199   55090 watch.go:40] Failed to load config from "/Users/neerajkaneria/StudioProjects/Flutter_Applications/dataconnect": could not find dataconnect.yaml in `/Users/neerajkaneria/StudioProjects/Flutter_Applications/dataconnect`
 {"metadata":{"emulator":{"name":"dataconnect"},"message":"E0612 16:07:36.376199   55090 watch.go:40] Failed to load config from \"/Users/neerajkaneria/StudioProjects/Flutter_Applications/dataconnect\": could not find dataconnect.yaml in `/Users/neerajkaneria/StudioProjects/Flutter_Applications/dataconnect`\n"}}
[debug] [2026-06-12T10:37:36.382Z] E0612 16:07:36.376165   55090 watch.go:116] watchAllDir unable to walk dir `/Users/neerajkaneria/StudioProjects/Flutter_Applications/dataconnect`: lstat /Users/neerajkaneria/StudioProjects/Flutter_Applications/dataconnect: no such file or directory
 {"metadata":{"emulator":{"name":"dataconnect"},"message":"E0612 16:07:36.376165   55090 watch.go:116] watchAllDir unable to walk dir `/Users/neerajkaneria/StudioProjects/Flutter_Applications/dataconnect`: lstat /Users/neerajkaneria/StudioProjects/Flutter_Applications/dataconnect: no such file or directory\n"}}
[debug] [2026-06-12T10:37:46.380Z] E0612 16:07:46.378997   55090 watch.go:40] Failed to load config from "/Users/neerajkaneria/StudioProjects/Flutter_Applications/dataconnect": could not find dataconnect.yaml in `/Users/neerajkaneria/StudioProjects/Flutter_Applications/dataconnect`
 {"metadata":{"emulator":{"name":"dataconnect"},"message":"E0612 16:07:46.378997   55090 watch.go:40] Failed to load config from \"/Users/neerajkaneria/StudioProjects/Flutter_Applications/dataconnect\": could not find dataconnect.yaml in `/Users/neerajkaneria/StudioProjects/Flutter_Applications/dataconnect`\n"}}
[debug] [2026-06-12T10:37:56.376Z] E0612 16:07:56.376448   55090 watch.go:40] Failed to load config from "/Users/neerajkaneria/StudioProjects/Flutter_Applications/dataconnect": could not find dataconnect.yaml in `/Users/neerajkaneria/StudioProjects/Flutter_Applications/dataconnect`
 {"metadata":{"emulator":{"name":"dataconnect"},"message":"E0612 16:07:56.376448   55090 watch.go:40] Failed to load config from \"/Users/neerajkaneria/StudioProjects/Flutter_Applications/dataconnect\": could not find dataconnect.yaml in `/Users/neerajkaneria/StudioProjects/Flutter_Applications/dataconnect`\n"}}
[debug] [2026-06-12T10:38:06.377Z] E0612 16:08:06.376740   55090 watch.go:40] Failed to load config from "/Users/neerajkaneria/StudioProjects/Flutter_Applications/dataconnect": could not find dataconnect.yaml in `/Users/neerajkaneria/StudioProjects/Flutter_Applications/dataconnect`
 {"metadata":{"emulator":{"name":"dataconnect"},"message":"E0612 16:08:06.376740   55090 watch.go:40] Failed to load config from \"/Users/neerajkaneria/StudioProjects/Flutter_Applications/dataconnect\": could not find dataconnect.yaml in `/Users/neerajkaneria/StudioProjects/Flutter_Applications/dataconnect`\n"}}
[debug] [2026-06-12T10:38:16.378Z] E0612 16:08:16.377761   55090 watch.go:40] Failed to load config from "/Users/neerajkaneria/StudioProjects/Flutter_Applications/dataconnect": could not find dataconnect.yaml in `/Users/neerajkaneria/StudioProjects/Flutter_Applications/dataconnect`
 {"metadata":{"emulator":{"name":"dataconnect"},"message":"E0612 16:08:16.377761   55090 watch.go:40] Failed to load config from \"/Users/neerajkaneria/StudioProjects/Flutter_Applications/dataconnect\": could not find dataconnect.yaml in `/Users/neerajkaneria/StudioProjects/Flutter_Applications/dataconnect`\n"}}
[debug] [2026-06-12T10:38:26.376Z] E0612 16:08:26.376046   55090 watch.go:40] Failed to load config from "/Users/neerajkaneria/StudioProjects/Flutter_Applications/dataconnect": could not find dataconnect.yaml in `/Users/neerajkaneria/StudioProjects/Flutter_Applications/dataconnect`
 {"metadata":{"emulator":{"name":"dataconnect"},"message":"E0612 16:08:26.376046   55090 watch.go:40] Failed to load config from \"/Users/neerajkaneria/StudioProjects/Flutter_Applications/dataconnect\": could not find dataconnect.yaml in `/Users/neerajkaneria/StudioProjects/Flutter_Applications/dataconnect`\n"}}
[debug] [2026-06-12T10:38:36.376Z] E0612 16:08:36.375873   55090 watch.go:40] Failed to load config from "/Users/neerajkaneria/StudioProjects/Flutter_Applications/dataconnect": could not find dataconnect.yaml in `/Users/neerajkaneria/StudioProjects/Flutter_Applications/dataconnect`
 {"metadata":{"emulator":{"name":"dataconnect"},"message":"E0612 16:08:36.375873   55090 watch.go:40] Failed to load config from \"/Users/neerajkaneria/StudioProjects/Flutter_Applications/dataconnect\": could not find dataconnect.yaml in `/Users/neerajkaneria/StudioProjects/Flutter_Applications/dataconnect`\n"}}
[debug] [2026-06-12T10:38:36.378Z] E0612 16:08:36.375717   55090 watch.go:116] watchAllDir unable to walk dir `/Users/neerajkaneria/StudioProjects/Flutter_Applications/dataconnect`: lstat /Users/neerajkaneria/StudioProjects/Flutter_Applications/dataconnect: no such file or directory
 {"metadata":{"emulator":{"name":"dataconnect"},"message":"E0612 16:08:36.375717   55090 watch.go:116] watchAllDir unable to walk dir `/Users/neerajkaneria/StudioProjects/Flutter_Applications/dataconnect`: lstat /Users/neerajkaneria/StudioProjects/Flutter_Applications/dataconnect: no such file or directory\n"}}
[debug] [2026-06-12T10:38:46.376Z] E0612 16:08:46.375830   55090 watch.go:40] Failed to load config from "/Users/neerajkaneria/StudioProjects/Flutter_Applications/dataconnect": could not find dataconnect.yaml in `/Users/neerajkaneria/StudioProjects/Flutter_Applications/dataconnect`
 {"metadata":{"emulator":{"name":"dataconnect"},"message":"E0612 16:08:46.375830   55090 watch.go:40] Failed to load config from \"/Users/neerajkaneria/StudioProjects/Flutter_Applications/dataconnect\": could not find dataconnect.yaml in `/Users/neerajkaneria/StudioProjects/Flutter_Applications/dataconnect`\n"}}
[debug] [2026-06-12T10:38:56.376Z] E0612 16:08:56.375769   55090 watch.go:40] Failed to load config from "/Users/neerajkaneria/StudioProjects/Flutter_Applications/dataconnect": could not find dataconnect.yaml in `/Users/neerajkaneria/StudioProjects/Flutter_Applications/dataconnect`
 {"metadata":{"emulator":{"name":"dataconnect"},"message":"E0612 16:08:56.375769   55090 watch.go:40] Failed to load config from \"/Users/neerajkaneria/StudioProjects/Flutter_Applications/dataconnect\": could not find dataconnect.yaml in `/Users/neerajkaneria/StudioProjects/Flutter_Applications/dataconnect`\n"}}
[debug] [2026-06-12T10:39:06.376Z] E0612 16:09:06.375805   55090 watch.go:40] Failed to load config from "/Users/neerajkaneria/StudioProjects/Flutter_Applications/dataconnect": could not find dataconnect.yaml in `/Users/neerajkaneria/StudioProjects/Flutter_Applications/dataconnect`
 {"metadata":{"emulator":{"name":"dataconnect"},"message":"E0612 16:09:06.375805   55090 watch.go:40] Failed to load config from \"/Users/neerajkaneria/StudioProjects/Flutter_Applications/dataconnect\": could not find dataconnect.yaml in `/Users/neerajkaneria/StudioProjects/Flutter_Applications/dataconnect`\n"}}
[debug] [2026-06-12T10:39:16.377Z] E0612 16:09:16.376215   55090 watch.go:40] Failed to load config from "/Users/neerajkaneria/StudioProjects/Flutter_Applications/dataconnect": could not find dataconnect.yaml in `/Users/neerajkaneria/StudioProjects/Flutter_Applications/dataconnect`
 {"metadata":{"emulator":{"name":"dataconnect"},"message":"E0612 16:09:16.376215   55090 watch.go:40] Failed to load config from \"/Users/neerajkaneria/StudioProjects/Flutter_Applications/dataconnect\": could not find dataconnect.yaml in `/Users/neerajkaneria/StudioProjects/Flutter_Applications/dataconnect`\n"}}
[debug] [2026-06-12T10:39:26.376Z] E0612 16:09:26.375677   55090 watch.go:40] Failed to load config from "/Users/neerajkaneria/StudioProjects/Flutter_Applications/dataconnect": could not find dataconnect.yaml in `/Users/neerajkaneria/StudioProjects/Flutter_Applications/dataconnect`
 {"metadata":{"emulator":{"name":"dataconnect"},"message":"E0612 16:09:26.375677   55090 watch.go:40] Failed to load config from \"/Users/neerajkaneria/StudioProjects/Flutter_Applications/dataconnect\": could not find dataconnect.yaml in `/Users/neerajkaneria/StudioProjects/Flutter_Applications/dataconnect`\n"}}
[debug] [2026-06-12T10:39:36.377Z] E0612 16:09:36.376252   55090 watch.go:40] Failed to load config from "/Users/neerajkaneria/StudioProjects/Flutter_Applications/dataconnect": could not find dataconnect.yaml in `/Users/neerajkaneria/StudioProjects/Flutter_Applications/dataconnect`
 {"metadata":{"emulator":{"name":"dataconnect"},"message":"E0612 16:09:36.376252   55090 watch.go:40] Failed to load config from \"/Users/neerajkaneria/StudioProjects/Flutter_Applications/dataconnect\": could not find dataconnect.yaml in `/Users/neerajkaneria/StudioProjects/Flutter_Applications/dataconnect`\n"}}
[debug] [2026-06-12T10:39:36.378Z] E0612 16:09:36.376155   55090 watch.go:116] watchAllDir unable to walk dir `/Users/neerajkaneria/StudioProjects/Flutter_Applications/dataconnect`: lstat /Users/neerajkaneria/StudioProjects/Flutter_Applications/dataconnect: no such file or directory
 {"metadata":{"emulator":{"name":"dataconnect"},"message":"E0612 16:09:36.376155   55090 watch.go:116] watchAllDir unable to walk dir `/Users/neerajkaneria/StudioProjects/Flutter_Applications/dataconnect`: lstat /Users/neerajkaneria/StudioProjects/Flutter_Applications/dataconnect: no such file or directory\n"}}
[debug] [2026-06-12T10:39:46.376Z] E0612 16:09:46.375662   55090 watch.go:40] Failed to load config from "/Users/neerajkaneria/StudioProjects/Flutter_Applications/dataconnect": could not find dataconnect.yaml in `/Users/neerajkaneria/StudioProjects/Flutter_Applications/dataconnect`
 {"metadata":{"emulator":{"name":"dataconnect"},"message":"E0612 16:09:46.375662   55090 watch.go:40] Failed to load config from \"/Users/neerajkaneria/StudioProjects/Flutter_Applications/dataconnect\": could not find dataconnect.yaml in `/Users/neerajkaneria/StudioProjects/Flutter_Applications/dataconnect`\n"}}
[debug] [2026-06-12T10:39:56.378Z] E0612 16:09:56.377899   55090 watch.go:40] Failed to load config from "/Users/neerajkaneria/StudioProjects/Flutter_Applications/dataconnect": could not find dataconnect.yaml in `/Users/neerajkaneria/StudioProjects/Flutter_Applications/dataconnect`
 {"metadata":{"emulator":{"name":"dataconnect"},"message":"E0612 16:09:56.377899   55090 watch.go:40] Failed to load config from \"/Users/neerajkaneria/StudioProjects/Flutter_Applications/dataconnect\": could not find dataconnect.yaml in `/Users/neerajkaneria/StudioProjects/Flutter_Applications/dataconnect`\n"}}
[debug] [2026-06-12T10:40:06.374Z] E0612 16:10:06.374786   55090 watch.go:40] Failed to load config from "/Users/neerajkaneria/StudioProjects/Flutter_Applications/dataconnect": could not find dataconnect.yaml in `/Users/neerajkaneria/StudioProjects/Flutter_Applications/dataconnect`
 {"metadata":{"emulator":{"name":"dataconnect"},"message":"E0612 16:10:06.374786   55090 watch.go:40] Failed to load config from \"/Users/neerajkaneria/StudioProjects/Flutter_Applications/dataconnect\": could not find dataconnect.yaml in `/Users/neerajkaneria/StudioProjects/Flutter_Applications/dataconnect`\n"}}
[debug] [2026-06-12T10:40:16.375Z] E0612 16:10:16.375020   55090 watch.go:40] Failed to load config from "/Users/neerajkaneria/StudioProjects/Flutter_Applications/dataconnect": could not find dataconnect.yaml in `/Users/neerajkaneria/StudioProjects/Flutter_Applications/dataconnect`
 {"metadata":{"emulator":{"name":"dataconnect"},"message":"E0612 16:10:16.375020   55090 watch.go:40] Failed to load config from \"/Users/neerajkaneria/StudioProjects/Flutter_Applications/dataconnect\": could not find dataconnect.yaml in `/Users/neerajkaneria/StudioProjects/Flutter_Applications/dataconnect`\n"}}
[debug] [2026-06-12T10:40:26.375Z] E0612 16:10:26.375125   55090 watch.go:40] Failed to load config from "/Users/neerajkaneria/StudioProjects/Flutter_Applications/dataconnect": could not find dataconnect.yaml in `/Users/neerajkaneria/StudioProjects/Flutter_Applications/dataconnect`
 {"metadata":{"emulator":{"name":"dataconnect"},"message":"E0612 16:10:26.375125   55090 watch.go:40] Failed to load config from \"/Users/neerajkaneria/StudioProjects/Flutter_Applications/dataconnect\": could not find dataconnect.yaml in `/Users/neerajkaneria/StudioProjects/Flutter_Applications/dataconnect`\n"}}
[debug] [2026-06-12T10:40:36.374Z] E0612 16:10:36.374130   55090 watch.go:40] Failed to load config from "/Users/neerajkaneria/StudioProjects/Flutter_Applications/dataconnect": could not find dataconnect.yaml in `/Users/neerajkaneria/StudioProjects/Flutter_Applications/dataconnect`
 {"metadata":{"emulator":{"name":"dataconnect"},"message":"E0612 16:10:36.374130   55090 watch.go:40] Failed to load config from \"/Users/neerajkaneria/StudioProjects/Flutter_Applications/dataconnect\": could not find dataconnect.yaml in `/Users/neerajkaneria/StudioProjects/Flutter_Applications/dataconnect`\n"}}
[debug] [2026-06-12T10:40:36.381Z] E0612 16:10:36.374051   55090 watch.go:116] watchAllDir unable to walk dir `/Users/neerajkaneria/StudioProjects/Flutter_Applications/dataconnect`: lstat /Users/neerajkaneria/StudioProjects/Flutter_Applications/dataconnect: no such file or directory
 {"metadata":{"emulator":{"name":"dataconnect"},"message":"E0612 16:10:36.374051   55090 watch.go:116] watchAllDir unable to walk dir `/Users/neerajkaneria/StudioProjects/Flutter_Applications/dataconnect`: lstat /Users/neerajkaneria/StudioProjects/Flutter_Applications/dataconnect: no such file or directory\n"}}
[debug] [2026-06-12T10:40:46.376Z] E0612 16:10:46.374956   55090 watch.go:40] Failed to load config from "/Users/neerajkaneria/StudioProjects/Flutter_Applications/dataconnect": could not find dataconnect.yaml in `/Users/neerajkaneria/StudioProjects/Flutter_Applications/dataconnect`
 {"metadata":{"emulator":{"name":"dataconnect"},"message":"E0612 16:10:46.374956   55090 watch.go:40] Failed to load config from \"/Users/neerajkaneria/StudioProjects/Flutter_Applications/dataconnect\": could not find dataconnect.yaml in `/Users/neerajkaneria/StudioProjects/Flutter_Applications/dataconnect`\n"}}
[debug] [2026-06-12T10:40:56.375Z] E0612 16:10:56.374715   55090 watch.go:40] Failed to load config from "/Users/neerajkaneria/StudioProjects/Flutter_Applications/dataconnect": could not find dataconnect.yaml in `/Users/neerajkaneria/StudioProjects/Flutter_Applications/dataconnect`
 {"metadata":{"emulator":{"name":"dataconnect"},"message":"E0612 16:10:56.374715   55090 watch.go:40] Failed to load config from \"/Users/neerajkaneria/StudioProjects/Flutter_Applications/dataconnect\": could not find dataconnect.yaml in `/Users/neerajkaneria/StudioProjects/Flutter_Applications/dataconnect`\n"}}
[debug] [2026-06-12T10:41:06.375Z] E0612 16:11:06.374936   55090 watch.go:40] Failed to load config from "/Users/neerajkaneria/StudioProjects/Flutter_Applications/dataconnect": could not find dataconnect.yaml in `/Users/neerajkaneria/StudioProjects/Flutter_Applications/dataconnect`
 {"metadata":{"emulator":{"name":"dataconnect"},"message":"E0612 16:11:06.374936   55090 watch.go:40] Failed to load config from \"/Users/neerajkaneria/StudioProjects/Flutter_Applications/dataconnect\": could not find dataconnect.yaml in `/Users/neerajkaneria/StudioProjects/Flutter_Applications/dataconnect`\n"}}
[debug] [2026-06-12T10:41:16.374Z] E0612 16:11:16.374594   55090 watch.go:40] Failed to load config from "/Users/neerajkaneria/StudioProjects/Flutter_Applications/dataconnect": could not find dataconnect.yaml in `/Users/neerajkaneria/StudioProjects/Flutter_Applications/dataconnect`
 {"metadata":{"emulator":{"name":"dataconnect"},"message":"E0612 16:11:16.374594   55090 watch.go:40] Failed to load config from \"/Users/neerajkaneria/StudioProjects/Flutter_Applications/dataconnect\": could not find dataconnect.yaml in `/Users/neerajkaneria/StudioProjects/Flutter_Applications/dataconnect`\n"}}
[debug] [2026-06-12T10:41:26.375Z] E0612 16:11:26.375087   55090 watch.go:40] Failed to load config from "/Users/neerajkaneria/StudioProjects/Flutter_Applications/dataconnect": could not find dataconnect.yaml in `/Users/neerajkaneria/StudioProjects/Flutter_Applications/dataconnect`
 {"metadata":{"emulator":{"name":"dataconnect"},"message":"E0612 16:11:26.375087   55090 watch.go:40] Failed to load config from \"/Users/neerajkaneria/StudioProjects/Flutter_Applications/dataconnect\": could not find dataconnect.yaml in `/Users/neerajkaneria/StudioProjects/Flutter_Applications/dataconnect`\n"}}
[debug] [2026-06-12T10:41:36.375Z] E0612 16:11:36.374470   55090 watch.go:40] Failed to load config from "/Users/neerajkaneria/StudioProjects/Flutter_Applications/dataconnect": could not find dataconnect.yaml in `/Users/neerajkaneria/StudioProjects/Flutter_Applications/dataconnect`
E0612 16:11:36.374380   55090 watch.go:116] watchAllDir unable to walk dir `/Users/neerajkaneria/StudioProjects/Flutter_Applications/dataconnect`: lstat /Users/neerajkaneria/StudioProjects/Flutter_Applications/dataconnect: no such file or directory
 {"metadata":{"emulator":{"name":"dataconnect"},"message":"E0612 16:11:36.374470   55090 watch.go:40] Failed to load config from \"/Users/neerajkaneria/StudioProjects/Flutter_Applications/dataconnect\": could not find dataconnect.yaml in `/Users/neerajkaneria/StudioProjects/Flutter_Applications/dataconnect`\nE0612 16:11:36.374380   55090 watch.go:116] watchAllDir unable to walk dir `/Users/neerajkaneria/StudioProjects/Flutter_Applications/dataconnect`: lstat /Users/neerajkaneria/StudioProjects/Flutter_Applications/dataconnect: no such file or directory\n"}}
[debug] [2026-06-12T10:41:46.379Z] E0612 16:11:46.378893   55090 watch.go:40] Failed to load config from "/Users/neerajkaneria/StudioProjects/Flutter_Applications/dataconnect": could not find dataconnect.yaml in `/Users/neerajkaneria/StudioProjects/Flutter_Applications/dataconnect`
 {"metadata":{"emulator":{"name":"dataconnect"},"message":"E0612 16:11:46.378893   55090 watch.go:40] Failed to load config from \"/Users/neerajkaneria/StudioProjects/Flutter_Applications/dataconnect\": could not find dataconnect.yaml in `/Users/neerajkaneria/StudioProjects/Flutter_Applications/dataconnect`\n"}}
[debug] [2026-06-12T10:41:56.376Z] E0612 16:11:56.374692   55090 watch.go:40] Failed to load config from "/Users/neerajkaneria/StudioProjects/Flutter_Applications/dataconnect": could not find dataconnect.yaml in `/Users/neerajkaneria/StudioProjects/Flutter_Applications/dataconnect`
 {"metadata":{"emulator":{"name":"dataconnect"},"message":"E0612 16:11:56.374692   55090 watch.go:40] Failed to load config from \"/Users/neerajkaneria/StudioProjects/Flutter_Applications/dataconnect\": could not find dataconnect.yaml in `/Users/neerajkaneria/StudioProjects/Flutter_Applications/dataconnect`\n"}}
[debug] [2026-06-12T10:42:06.375Z] E0612 16:12:06.375050   55090 watch.go:40] Failed to load config from "/Users/neerajkaneria/StudioProjects/Flutter_Applications/dataconnect": could not find dataconnect.yaml in `/Users/neerajkaneria/StudioProjects/Flutter_Applications/dataconnect`
 {"metadata":{"emulator":{"name":"dataconnect"},"message":"E0612 16:12:06.375050   55090 watch.go:40] Failed to load config from \"/Users/neerajkaneria/StudioProjects/Flutter_Applications/dataconnect\": could not find dataconnect.yaml in `/Users/neerajkaneria/StudioProjects/Flutter_Applications/dataconnect`\n"}}
[debug] [2026-06-12T10:42:16.379Z] E0612 16:12:16.379026   55090 watch.go:40] Failed to load config from "/Users/neerajkaneria/StudioProjects/Flutter_Applications/dataconnect": could not find dataconnect.yaml in `/Users/neerajkaneria/StudioProjects/Flutter_Applications/dataconnect`
 {"metadata":{"emulator":{"name":"dataconnect"},"message":"E0612 16:12:16.379026   55090 watch.go:40] Failed to load config from \"/Users/neerajkaneria/StudioProjects/Flutter_Applications/dataconnect\": could not find dataconnect.yaml in `/Users/neerajkaneria/StudioProjects/Flutter_Applications/dataconnect`\n"}}
[debug] [2026-06-12T10:42:26.374Z] E0612 16:12:26.374206   55090 watch.go:40] Failed to load config from "/Users/neerajkaneria/StudioProjects/Flutter_Applications/dataconnect": could not find dataconnect.yaml in `/Users/neerajkaneria/StudioProjects/Flutter_Applications/dataconnect`
 {"metadata":{"emulator":{"name":"dataconnect"},"message":"E0612 16:12:26.374206   55090 watch.go:40] Failed to load config from \"/Users/neerajkaneria/StudioProjects/Flutter_Applications/dataconnect\": could not find dataconnect.yaml in `/Users/neerajkaneria/StudioProjects/Flutter_Applications/dataconnect`\n"}}
[debug] [2026-06-12T10:42:36.375Z] E0612 16:12:36.374013   55090 watch.go:40] Failed to load config from "/Users/neerajkaneria/StudioProjects/Flutter_Applications/dataconnect": could not find dataconnect.yaml in `/Users/neerajkaneria/StudioProjects/Flutter_Applications/dataconnect`
 {"metadata":{"emulator":{"name":"dataconnect"},"message":"E0612 16:12:36.374013   55090 watch.go:40] Failed to load config from \"/Users/neerajkaneria/StudioProjects/Flutter_Applications/dataconnect\": could not find dataconnect.yaml in `/Users/neerajkaneria/StudioProjects/Flutter_Applications/dataconnect`\n"}}
[debug] [2026-06-12T10:42:36.377Z] E0612 16:12:36.373868   55090 watch.go:116] watchAllDir unable to walk dir `/Users/neerajkaneria/StudioProjects/Flutter_Applications/dataconnect`: lstat /Users/neerajkaneria/StudioProjects/Flutter_Applications/dataconnect: no such file or directory
 {"metadata":{"emulator":{"name":"dataconnect"},"message":"E0612 16:12:36.373868   55090 watch.go:116] watchAllDir unable to walk dir `/Users/neerajkaneria/StudioProjects/Flutter_Applications/dataconnect`: lstat /Users/neerajkaneria/StudioProjects/Flutter_Applications/dataconnect: no such file or directory\n"}}
[debug] [2026-06-12T10:42:46.373Z] E0612 16:12:46.373644   55090 watch.go:40] Failed to load config from "/Users/neerajkaneria/StudioProjects/Flutter_Applications/dataconnect": could not find dataconnect.yaml in `/Users/neerajkaneria/StudioProjects/Flutter_Applications/dataconnect`
 {"metadata":{"emulator":{"name":"dataconnect"},"message":"E0612 16:12:46.373644   55090 watch.go:40] Failed to load config from \"/Users/neerajkaneria/StudioProjects/Flutter_Applications/dataconnect\": could not find dataconnect.yaml in `/Users/neerajkaneria/StudioProjects/Flutter_Applications/dataconnect`\n"}}
[debug] [2026-06-12T10:42:56.376Z] E0612 16:12:56.374505   55090 watch.go:40] Failed to load config from "/Users/neerajkaneria/StudioProjects/Flutter_Applications/dataconnect": could not find dataconnect.yaml in `/Users/neerajkaneria/StudioProjects/Flutter_Applications/dataconnect`
 {"metadata":{"emulator":{"name":"dataconnect"},"message":"E0612 16:12:56.374505   55090 watch.go:40] Failed to load config from \"/Users/neerajkaneria/StudioProjects/Flutter_Applications/dataconnect\": could not find dataconnect.yaml in `/Users/neerajkaneria/StudioProjects/Flutter_Applications/dataconnect`\n"}}
[debug] [2026-06-12T10:43:06.373Z] E0612 16:13:06.373339   55090 watch.go:40] Failed to load config from "/Users/neerajkaneria/StudioProjects/Flutter_Applications/dataconnect": could not find dataconnect.yaml in `/Users/neerajkaneria/StudioProjects/Flutter_Applications/dataconnect`
 {"metadata":{"emulator":{"name":"dataconnect"},"message":"E0612 16:13:06.373339   55090 watch.go:40] Failed to load config from \"/Users/neerajkaneria/StudioProjects/Flutter_Applications/dataconnect\": could not find dataconnect.yaml in `/Users/neerajkaneria/StudioProjects/Flutter_Applications/dataconnect`\n"}}
[debug] [2026-06-12T10:43:16.373Z] E0612 16:13:16.373273   55090 watch.go:40] Failed to load config from "/Users/neerajkaneria/StudioProjects/Flutter_Applications/dataconnect": could not find dataconnect.yaml in `/Users/neerajkaneria/StudioProjects/Flutter_Applications/dataconnect`
 {"metadata":{"emulator":{"name":"dataconnect"},"message":"E0612 16:13:16.373273   55090 watch.go:40] Failed to load config from \"/Users/neerajkaneria/StudioProjects/Flutter_Applications/dataconnect\": could not find dataconnect.yaml in `/Users/neerajkaneria/StudioProjects/Flutter_Applications/dataconnect`\n"}}
[debug] [2026-06-12T10:43:26.374Z] E0612 16:13:26.373985   55090 watch.go:40] Failed to load config from "/Users/neerajkaneria/StudioProjects/Flutter_Applications/dataconnect": could not find dataconnect.yaml in `/Users/neerajkaneria/StudioProjects/Flutter_Applications/dataconnect`
 {"metadata":{"emulator":{"name":"dataconnect"},"message":"E0612 16:13:26.373985   55090 watch.go:40] Failed to load config from \"/Users/neerajkaneria/StudioProjects/Flutter_Applications/dataconnect\": could not find dataconnect.yaml in `/Users/neerajkaneria/StudioProjects/Flutter_Applications/dataconnect`\n"}}
[debug] [2026-06-12T10:43:36.373Z] E0612 16:13:36.373640   55090 watch.go:40] Failed to load config from "/Users/neerajkaneria/StudioProjects/Flutter_Applications/dataconnect": could not find dataconnect.yaml in `/Users/neerajkaneria/StudioProjects/Flutter_Applications/dataconnect`
 {"metadata":{"emulator":{"name":"dataconnect"},"message":"E0612 16:13:36.373640   55090 watch.go:40] Failed to load config from \"/Users/neerajkaneria/StudioProjects/Flutter_Applications/dataconnect\": could not find dataconnect.yaml in `/Users/neerajkaneria/StudioProjects/Flutter_Applications/dataconnect`\n"}}
[debug] [2026-06-12T10:43:36.376Z] E0612 16:13:36.373639   55090 watch.go:116] watchAllDir unable to walk dir `/Users/neerajkaneria/StudioProjects/Flutter_Applications/dataconnect`: lstat /Users/neerajkaneria/StudioProjects/Flutter_Applications/dataconnect: no such file or directory
 {"metadata":{"emulator":{"name":"dataconnect"},"message":"E0612 16:13:36.373639   55090 watch.go:116] watchAllDir unable to walk dir `/Users/neerajkaneria/StudioProjects/Flutter_Applications/dataconnect`: lstat /Users/neerajkaneria/StudioProjects/Flutter_Applications/dataconnect: no such file or directory\n"}}
[debug] [2026-06-12T10:43:46.375Z] E0612 16:13:46.375483   55090 watch.go:40] Failed to load config from "/Users/neerajkaneria/StudioProjects/Flutter_Applications/dataconnect": could not find dataconnect.yaml in `/Users/neerajkaneria/StudioProjects/Flutter_Applications/dataconnect`
 {"metadata":{"emulator":{"name":"dataconnect"},"message":"E0612 16:13:46.375483   55090 watch.go:40] Failed to load config from \"/Users/neerajkaneria/StudioProjects/Flutter_Applications/dataconnect\": could not find dataconnect.yaml in `/Users/neerajkaneria/StudioProjects/Flutter_Applications/dataconnect`\n"}}
[debug] [2026-06-12T10:43:56.375Z] E0612 16:13:56.374715   55090 watch.go:40] Failed to load config from "/Users/neerajkaneria/StudioProjects/Flutter_Applications/dataconnect": could not find dataconnect.yaml in `/Users/neerajkaneria/StudioProjects/Flutter_Applications/dataconnect`
 {"metadata":{"emulator":{"name":"dataconnect"},"message":"E0612 16:13:56.374715   55090 watch.go:40] Failed to load config from \"/Users/neerajkaneria/StudioProjects/Flutter_Applications/dataconnect\": could not find dataconnect.yaml in `/Users/neerajkaneria/StudioProjects/Flutter_Applications/dataconnect`\n"}}
[debug] [2026-06-12T10:44:06.374Z] E0612 16:14:06.373880   55090 watch.go:40] Failed to load config from "/Users/neerajkaneria/StudioProjects/Flutter_Applications/dataconnect": could not find dataconnect.yaml in `/Users/neerajkaneria/StudioProjects/Flutter_Applications/dataconnect`
 {"metadata":{"emulator":{"name":"dataconnect"},"message":"E0612 16:14:06.373880   55090 watch.go:40] Failed to load config from \"/Users/neerajkaneria/StudioProjects/Flutter_Applications/dataconnect\": could not find dataconnect.yaml in `/Users/neerajkaneria/StudioProjects/Flutter_Applications/dataconnect`\n"}}
[debug] [2026-06-12T10:44:16.374Z] E0612 16:14:16.373647   55090 watch.go:40] Failed to load config from "/Users/neerajkaneria/StudioProjects/Flutter_Applications/dataconnect": could not find dataconnect.yaml in `/Users/neerajkaneria/StudioProjects/Flutter_Applications/dataconnect`
 {"metadata":{"emulator":{"name":"dataconnect"},"message":"E0612 16:14:16.373647   55090 watch.go:40] Failed to load config from \"/Users/neerajkaneria/StudioProjects/Flutter_Applications/dataconnect\": could not find dataconnect.yaml in `/Users/neerajkaneria/StudioProjects/Flutter_Applications/dataconnect`\n"}}
[debug] [2026-06-12T10:44:26.373Z] E0612 16:14:26.373454   55090 watch.go:40] Failed to load config from "/Users/neerajkaneria/StudioProjects/Flutter_Applications/dataconnect": could not find dataconnect.yaml in `/Users/neerajkaneria/StudioProjects/Flutter_Applications/dataconnect`
 {"metadata":{"emulator":{"name":"dataconnect"},"message":"E0612 16:14:26.373454   55090 watch.go:40] Failed to load config from \"/Users/neerajkaneria/StudioProjects/Flutter_Applications/dataconnect\": could not find dataconnect.yaml in `/Users/neerajkaneria/StudioProjects/Flutter_Applications/dataconnect`\n"}}
[debug] [2026-06-12T10:44:36.377Z] E0612 16:14:36.375657   55090 watch.go:116] watchAllDir unable to walk dir `/Users/neerajkaneria/StudioProjects/Flutter_Applications/dataconnect`: lstat /Users/neerajkaneria/StudioProjects/Flutter_Applications/dataconnect: no such file or directory
E0612 16:14:36.375894   55090 watch.go:40] Failed to load config from "/Users/neerajkaneria/StudioProjects/Flutter_Applications/dataconnect": could not find dataconnect.yaml in `/Users/neerajkaneria/StudioProjects/Flutter_Applications/dataconnect`
 {"metadata":{"emulator":{"name":"dataconnect"},"message":"E0612 16:14:36.375657   55090 watch.go:116] watchAllDir unable to walk dir `/Users/neerajkaneria/StudioProjects/Flutter_Applications/dataconnect`: lstat /Users/neerajkaneria/StudioProjects/Flutter_Applications/dataconnect: no such file or directory\nE0612 16:14:36.375894   55090 watch.go:40] Failed to load config from \"/Users/neerajkaneria/StudioProjects/Flutter_Applications/dataconnect\": could not find dataconnect.yaml in `/Users/neerajkaneria/StudioProjects/Flutter_Applications/dataconnect`\n"}}
[debug] [2026-06-12T10:44:46.373Z] E0612 16:14:46.373391   55090 watch.go:40] Failed to load config from "/Users/neerajkaneria/StudioProjects/Flutter_Applications/dataconnect": could not find dataconnect.yaml in `/Users/neerajkaneria/StudioProjects/Flutter_Applications/dataconnect`
 {"metadata":{"emulator":{"name":"dataconnect"},"message":"E0612 16:14:46.373391   55090 watch.go:40] Failed to load config from \"/Users/neerajkaneria/StudioProjects/Flutter_Applications/dataconnect\": could not find dataconnect.yaml in `/Users/neerajkaneria/StudioProjects/Flutter_Applications/dataconnect`\n"}}
[debug] [2026-06-12T10:44:56.376Z] E0612 16:14:56.374265   55090 watch.go:40] Failed to load config from "/Users/neerajkaneria/StudioProjects/Flutter_Applications/dataconnect": could not find dataconnect.yaml in `/Users/neerajkaneria/StudioProjects/Flutter_Applications/dataconnect`
 {"metadata":{"emulator":{"name":"dataconnect"},"message":"E0612 16:14:56.374265   55090 watch.go:40] Failed to load config from \"/Users/neerajkaneria/StudioProjects/Flutter_Applications/dataconnect\": could not find dataconnect.yaml in `/Users/neerajkaneria/StudioProjects/Flutter_Applications/dataconnect`\n"}}
[debug] [2026-06-12T10:45:06.373Z] E0612 16:15:06.373171   55090 watch.go:40] Failed to load config from "/Users/neerajkaneria/StudioProjects/Flutter_Applications/dataconnect": could not find dataconnect.yaml in `/Users/neerajkaneria/StudioProjects/Flutter_Applications/dataconnect`
 {"metadata":{"emulator":{"name":"dataconnect"},"message":"E0612 16:15:06.373171   55090 watch.go:40] Failed to load config from \"/Users/neerajkaneria/StudioProjects/Flutter_Applications/dataconnect\": could not find dataconnect.yaml in `/Users/neerajkaneria/StudioProjects/Flutter_Applications/dataconnect`\n"}}
[debug] [2026-06-12T10:45:16.373Z] E0612 16:15:16.373098   55090 watch.go:40] Failed to load config from "/Users/neerajkaneria/StudioProjects/Flutter_Applications/dataconnect": could not find dataconnect.yaml in `/Users/neerajkaneria/StudioProjects/Flutter_Applications/dataconnect`
 {"metadata":{"emulator":{"name":"dataconnect"},"message":"E0612 16:15:16.373098   55090 watch.go:40] Failed to load config from \"/Users/neerajkaneria/StudioProjects/Flutter_Applications/dataconnect\": could not find dataconnect.yaml in `/Users/neerajkaneria/StudioProjects/Flutter_Applications/dataconnect`\n"}}
[debug] [2026-06-12T10:45:26.373Z] E0612 16:15:26.372990   55090 watch.go:40] Failed to load config from "/Users/neerajkaneria/StudioProjects/Flutter_Applications/dataconnect": could not find dataconnect.yaml in `/Users/neerajkaneria/StudioProjects/Flutter_Applications/dataconnect`
 {"metadata":{"emulator":{"name":"dataconnect"},"message":"E0612 16:15:26.372990   55090 watch.go:40] Failed to load config from \"/Users/neerajkaneria/StudioProjects/Flutter_Applications/dataconnect\": could not find dataconnect.yaml in `/Users/neerajkaneria/StudioProjects/Flutter_Applications/dataconnect`\n"}}
[debug] [2026-06-12T10:45:36.375Z] E0612 16:15:36.373018   55090 watch.go:40] Failed to load config from "/Users/neerajkaneria/StudioProjects/Flutter_Applications/dataconnect": could not find dataconnect.yaml in `/Users/neerajkaneria/StudioProjects/Flutter_Applications/dataconnect`
 {"metadata":{"emulator":{"name":"dataconnect"},"message":"E0612 16:15:36.373018   55090 watch.go:40] Failed to load config from \"/Users/neerajkaneria/StudioProjects/Flutter_Applications/dataconnect\": could not find dataconnect.yaml in `/Users/neerajkaneria/StudioProjects/Flutter_Applications/dataconnect`\n"}}
[debug] [2026-06-12T10:45:36.380Z] E0612 16:15:36.373672   55090 watch.go:116] watchAllDir unable to walk dir `/Users/neerajkaneria/StudioProjects/Flutter_Applications/dataconnect`: lstat /Users/neerajkaneria/StudioProjects/Flutter_Applications/dataconnect: no such file or directory
 {"metadata":{"emulator":{"name":"dataconnect"},"message":"E0612 16:15:36.373672   55090 watch.go:116] watchAllDir unable to walk dir `/Users/neerajkaneria/StudioProjects/Flutter_Applications/dataconnect`: lstat /Users/neerajkaneria/StudioProjects/Flutter_Applications/dataconnect: no such file or directory\n"}}
[debug] [2026-06-12T10:45:46.375Z] E0612 16:15:46.374382   55090 watch.go:40] Failed to load config from "/Users/neerajkaneria/StudioProjects/Flutter_Applications/dataconnect": could not find dataconnect.yaml in `/Users/neerajkaneria/StudioProjects/Flutter_Applications/dataconnect`
 {"metadata":{"emulator":{"name":"dataconnect"},"message":"E0612 16:15:46.374382   55090 watch.go:40] Failed to load config from \"/Users/neerajkaneria/StudioProjects/Flutter_Applications/dataconnect\": could not find dataconnect.yaml in `/Users/neerajkaneria/StudioProjects/Flutter_Applications/dataconnect`\n"}}
[debug] [2026-06-12T10:45:56.384Z] E0612 16:15:56.375388   55090 watch.go:40] Failed to load config from "/Users/neerajkaneria/StudioProjects/Flutter_Applications/dataconnect": could not find dataconnect.yaml in `/Users/neerajkaneria/StudioProjects/Flutter_Applications/dataconnect`
 {"metadata":{"emulator":{"name":"dataconnect"},"message":"E0612 16:15:56.375388   55090 watch.go:40] Failed to load config from \"/Users/neerajkaneria/StudioProjects/Flutter_Applications/dataconnect\": could not find dataconnect.yaml in `/Users/neerajkaneria/StudioProjects/Flutter_Applications/dataconnect`\n"}}
[debug] [2026-06-12T10:46:06.374Z] E0612 16:16:06.372809   55090 watch.go:40] Failed to load config from "/Users/neerajkaneria/StudioProjects/Flutter_Applications/dataconnect": could not find dataconnect.yaml in `/Users/neerajkaneria/StudioProjects/Flutter_Applications/dataconnect`
 {"metadata":{"emulator":{"name":"dataconnect"},"message":"E0612 16:16:06.372809   55090 watch.go:40] Failed to load config from \"/Users/neerajkaneria/StudioProjects/Flutter_Applications/dataconnect\": could not find dataconnect.yaml in `/Users/neerajkaneria/StudioProjects/Flutter_Applications/dataconnect`\n"}}
[debug] [2026-06-12T10:46:16.373Z] E0612 16:16:16.372753   55090 watch.go:40] Failed to load config from "/Users/neerajkaneria/StudioProjects/Flutter_Applications/dataconnect": could not find dataconnect.yaml in `/Users/neerajkaneria/StudioProjects/Flutter_Applications/dataconnect`
 {"metadata":{"emulator":{"name":"dataconnect"},"message":"E0612 16:16:16.372753   55090 watch.go:40] Failed to load config from \"/Users/neerajkaneria/StudioProjects/Flutter_Applications/dataconnect\": could not find dataconnect.yaml in `/Users/neerajkaneria/StudioProjects/Flutter_Applications/dataconnect`\n"}}
[debug] [2026-06-12T10:46:26.372Z] E0612 16:16:26.372163   55090 watch.go:40] Failed to load config from "/Users/neerajkaneria/StudioProjects/Flutter_Applications/dataconnect": could not find dataconnect.yaml in `/Users/neerajkaneria/StudioProjects/Flutter_Applications/dataconnect`
 {"metadata":{"emulator":{"name":"dataconnect"},"message":"E0612 16:16:26.372163   55090 watch.go:40] Failed to load config from \"/Users/neerajkaneria/StudioProjects/Flutter_Applications/dataconnect\": could not find dataconnect.yaml in `/Users/neerajkaneria/StudioProjects/Flutter_Applications/dataconnect`\n"}}
[debug] [2026-06-12T10:46:36.372Z] E0612 16:16:36.372170   55090 watch.go:40] Failed to load config from "/Users/neerajkaneria/StudioProjects/Flutter_Applications/dataconnect": could not find dataconnect.yaml in `/Users/neerajkaneria/StudioProjects/Flutter_Applications/dataconnect`
 {"metadata":{"emulator":{"name":"dataconnect"},"message":"E0612 16:16:36.372170   55090 watch.go:40] Failed to load config from \"/Users/neerajkaneria/StudioProjects/Flutter_Applications/dataconnect\": could not find dataconnect.yaml in `/Users/neerajkaneria/StudioProjects/Flutter_Applications/dataconnect`\n"}}
[debug] [2026-06-12T10:46:36.373Z] E0612 16:16:36.372157   55090 watch.go:116] watchAllDir unable to walk dir `/Users/neerajkaneria/StudioProjects/Flutter_Applications/dataconnect`: lstat /Users/neerajkaneria/StudioProjects/Flutter_Applications/dataconnect: no such file or directory
 {"metadata":{"emulator":{"name":"dataconnect"},"message":"E0612 16:16:36.372157   55090 watch.go:116] watchAllDir unable to walk dir `/Users/neerajkaneria/StudioProjects/Flutter_Applications/dataconnect`: lstat /Users/neerajkaneria/StudioProjects/Flutter_Applications/dataconnect: no such file or directory\n"}}
[debug] [2026-06-12T10:46:46.373Z] E0612 16:16:46.372859   55090 watch.go:40] Failed to load config from "/Users/neerajkaneria/StudioProjects/Flutter_Applications/dataconnect": could not find dataconnect.yaml in `/Users/neerajkaneria/StudioProjects/Flutter_Applications/dataconnect`
 {"metadata":{"emulator":{"name":"dataconnect"},"message":"E0612 16:16:46.372859   55090 watch.go:40] Failed to load config from \"/Users/neerajkaneria/StudioProjects/Flutter_Applications/dataconnect\": could not find dataconnect.yaml in `/Users/neerajkaneria/StudioProjects/Flutter_Applications/dataconnect`\n"}}
[debug] [2026-06-12T10:46:56.372Z] E0612 16:16:56.372302   55090 watch.go:40] Failed to load config from "/Users/neerajkaneria/StudioProjects/Flutter_Applications/dataconnect": could not find dataconnect.yaml in `/Users/neerajkaneria/StudioProjects/Flutter_Applications/dataconnect`
 {"metadata":{"emulator":{"name":"dataconnect"},"message":"E0612 16:16:56.372302   55090 watch.go:40] Failed to load config from \"/Users/neerajkaneria/StudioProjects/Flutter_Applications/dataconnect\": could not find dataconnect.yaml in `/Users/neerajkaneria/StudioProjects/Flutter_Applications/dataconnect`\n"}}
[debug] [2026-06-12T10:47:06.372Z] E0612 16:17:06.372018   55090 watch.go:40] Failed to load config from "/Users/neerajkaneria/StudioProjects/Flutter_Applications/dataconnect": could not find dataconnect.yaml in `/Users/neerajkaneria/StudioProjects/Flutter_Applications/dataconnect`
 {"metadata":{"emulator":{"name":"dataconnect"},"message":"E0612 16:17:06.372018   55090 watch.go:40] Failed to load config from \"/Users/neerajkaneria/StudioProjects/Flutter_Applications/dataconnect\": could not find dataconnect.yaml in `/Users/neerajkaneria/StudioProjects/Flutter_Applications/dataconnect`\n"}}
[debug] [2026-06-12T10:47:16.375Z] E0612 16:17:16.373336   55090 watch.go:40] Failed to load config from "/Users/neerajkaneria/StudioProjects/Flutter_Applications/dataconnect": could not find dataconnect.yaml in `/Users/neerajkaneria/StudioProjects/Flutter_Applications/dataconnect`
 {"metadata":{"emulator":{"name":"dataconnect"},"message":"E0612 16:17:16.373336   55090 watch.go:40] Failed to load config from \"/Users/neerajkaneria/StudioProjects/Flutter_Applications/dataconnect\": could not find dataconnect.yaml in `/Users/neerajkaneria/StudioProjects/Flutter_Applications/dataconnect`\n"}}
[debug] [2026-06-12T10:47:26.372Z] E0612 16:17:26.372539   55090 watch.go:40] Failed to load config from "/Users/neerajkaneria/StudioProjects/Flutter_Applications/dataconnect": could not find dataconnect.yaml in `/Users/neerajkaneria/StudioProjects/Flutter_Applications/dataconnect`
 {"metadata":{"emulator":{"name":"dataconnect"},"message":"E0612 16:17:26.372539   55090 watch.go:40] Failed to load config from \"/Users/neerajkaneria/StudioProjects/Flutter_Applications/dataconnect\": could not find dataconnect.yaml in `/Users/neerajkaneria/StudioProjects/Flutter_Applications/dataconnect`\n"}}
[debug] [2026-06-12T10:47:36.375Z] E0612 16:17:36.374432   55090 watch.go:40] Failed to load config from "/Users/neerajkaneria/StudioProjects/Flutter_Applications/dataconnect": could not find dataconnect.yaml in `/Users/neerajkaneria/StudioProjects/Flutter_Applications/dataconnect`
 {"metadata":{"emulator":{"name":"dataconnect"},"message":"E0612 16:17:36.374432   55090 watch.go:40] Failed to load config from \"/Users/neerajkaneria/StudioProjects/Flutter_Applications/dataconnect\": could not find dataconnect.yaml in `/Users/neerajkaneria/StudioProjects/Flutter_Applications/dataconnect`\n"}}
[debug] [2026-06-12T10:47:36.377Z] E0612 16:17:36.372879   55090 watch.go:116] watchAllDir unable to walk dir `/Users/neerajkaneria/StudioProjects/Flutter_Applications/dataconnect`: lstat /Users/neerajkaneria/StudioProjects/Flutter_Applications/dataconnect: no such file or directory
 {"metadata":{"emulator":{"name":"dataconnect"},"message":"E0612 16:17:36.372879   55090 watch.go:116] watchAllDir unable to walk dir `/Users/neerajkaneria/StudioProjects/Flutter_Applications/dataconnect`: lstat /Users/neerajkaneria/StudioProjects/Flutter_Applications/dataconnect: no such file or directory\n"}}
[debug] [2026-06-12T10:47:46.372Z] E0612 16:17:46.371788   55090 watch.go:40] Failed to load config from "/Users/neerajkaneria/StudioProjects/Flutter_Applications/dataconnect": could not find dataconnect.yaml in `/Users/neerajkaneria/StudioProjects/Flutter_Applications/dataconnect`
 {"metadata":{"emulator":{"name":"dataconnect"},"message":"E0612 16:17:46.371788   55090 watch.go:40] Failed to load config from \"/Users/neerajkaneria/StudioProjects/Flutter_Applications/dataconnect\": could not find dataconnect.yaml in `/Users/neerajkaneria/StudioProjects/Flutter_Applications/dataconnect`\n"}}
[debug] [2026-06-12T10:47:56.372Z] E0612 16:17:56.372048   55090 watch.go:40] Failed to load config from "/Users/neerajkaneria/StudioProjects/Flutter_Applications/dataconnect": could not find dataconnect.yaml in `/Users/neerajkaneria/StudioProjects/Flutter_Applications/dataconnect`
 {"metadata":{"emulator":{"name":"dataconnect"},"message":"E0612 16:17:56.372048   55090 watch.go:40] Failed to load config from \"/Users/neerajkaneria/StudioProjects/Flutter_Applications/dataconnect\": could not find dataconnect.yaml in `/Users/neerajkaneria/StudioProjects/Flutter_Applications/dataconnect`\n"}}
[debug] [2026-06-12T10:48:06.372Z] E0612 16:18:06.371815   55090 watch.go:40] Failed to load config from "/Users/neerajkaneria/StudioProjects/Flutter_Applications/dataconnect": could not find dataconnect.yaml in `/Users/neerajkaneria/StudioProjects/Flutter_Applications/dataconnect`
 {"metadata":{"emulator":{"name":"dataconnect"},"message":"E0612 16:18:06.371815   55090 watch.go:40] Failed to load config from \"/Users/neerajkaneria/StudioProjects/Flutter_Applications/dataconnect\": could not find dataconnect.yaml in `/Users/neerajkaneria/StudioProjects/Flutter_Applications/dataconnect`\n"}}
[debug] [2026-06-12T10:48:16.376Z] E0612 16:18:16.375076   55090 watch.go:40] Failed to load config from "/Users/neerajkaneria/StudioProjects/Flutter_Applications/dataconnect": could not find dataconnect.yaml in `/Users/neerajkaneria/StudioProjects/Flutter_Applications/dataconnect`
 {"metadata":{"emulator":{"name":"dataconnect"},"message":"E0612 16:18:16.375076   55090 watch.go:40] Failed to load config from \"/Users/neerajkaneria/StudioProjects/Flutter_Applications/dataconnect\": could not find dataconnect.yaml in `/Users/neerajkaneria/StudioProjects/Flutter_Applications/dataconnect`\n"}}
[debug] [2026-06-12T10:48:26.372Z] E0612 16:18:26.371801   55090 watch.go:40] Failed to load config from "/Users/neerajkaneria/StudioProjects/Flutter_Applications/dataconnect": could not find dataconnect.yaml in `/Users/neerajkaneria/StudioProjects/Flutter_Applications/dataconnect`
 {"metadata":{"emulator":{"name":"dataconnect"},"message":"E0612 16:18:26.371801   55090 watch.go:40] Failed to load config from \"/Users/neerajkaneria/StudioProjects/Flutter_Applications/dataconnect\": could not find dataconnect.yaml in `/Users/neerajkaneria/StudioProjects/Flutter_Applications/dataconnect`\n"}}
[debug] [2026-06-12T10:48:36.373Z] E0612 16:18:36.372582   55090 watch.go:40] Failed to load config from "/Users/neerajkaneria/StudioProjects/Flutter_Applications/dataconnect": could not find dataconnect.yaml in `/Users/neerajkaneria/StudioProjects/Flutter_Applications/dataconnect`
 {"metadata":{"emulator":{"name":"dataconnect"},"message":"E0612 16:18:36.372582   55090 watch.go:40] Failed to load config from \"/Users/neerajkaneria/StudioProjects/Flutter_Applications/dataconnect\": could not find dataconnect.yaml in `/Users/neerajkaneria/StudioProjects/Flutter_Applications/dataconnect`\n"}}
[debug] [2026-06-12T10:48:36.374Z] E0612 16:18:36.372498   55090 watch.go:116] watchAllDir unable to walk dir `/Users/neerajkaneria/StudioProjects/Flutter_Applications/dataconnect`: lstat /Users/neerajkaneria/StudioProjects/Flutter_Applications/dataconnect: no such file or directory
 {"metadata":{"emulator":{"name":"dataconnect"},"message":"E0612 16:18:36.372498   55090 watch.go:116] watchAllDir unable to walk dir `/Users/neerajkaneria/StudioProjects/Flutter_Applications/dataconnect`: lstat /Users/neerajkaneria/StudioProjects/Flutter_Applications/dataconnect: no such file or directory\n"}}
[debug] [2026-06-12T10:48:46.370Z] E0612 16:18:46.370519   55090 watch.go:40] Failed to load config from "/Users/neerajkaneria/StudioProjects/Flutter_Applications/dataconnect": could not find dataconnect.yaml in `/Users/neerajkaneria/StudioProjects/Flutter_Applications/dataconnect`
 {"metadata":{"emulator":{"name":"dataconnect"},"message":"E0612 16:18:46.370519   55090 watch.go:40] Failed to load config from \"/Users/neerajkaneria/StudioProjects/Flutter_Applications/dataconnect\": could not find dataconnect.yaml in `/Users/neerajkaneria/StudioProjects/Flutter_Applications/dataconnect`\n"}}
[debug] [2026-06-12T10:48:56.372Z] E0612 16:18:56.371823   55090 watch.go:40] Failed to load config from "/Users/neerajkaneria/StudioProjects/Flutter_Applications/dataconnect": could not find dataconnect.yaml in `/Users/neerajkaneria/StudioProjects/Flutter_Applications/dataconnect`
 {"metadata":{"emulator":{"name":"dataconnect"},"message":"E0612 16:18:56.371823   55090 watch.go:40] Failed to load config from \"/Users/neerajkaneria/StudioProjects/Flutter_Applications/dataconnect\": could not find dataconnect.yaml in `/Users/neerajkaneria/StudioProjects/Flutter_Applications/dataconnect`\n"}}
[debug] [2026-06-12T10:49:06.371Z] E0612 16:19:06.370941   55090 watch.go:40] Failed to load config from "/Users/neerajkaneria/StudioProjects/Flutter_Applications/dataconnect": could not find dataconnect.yaml in `/Users/neerajkaneria/StudioProjects/Flutter_Applications/dataconnect`
 {"metadata":{"emulator":{"name":"dataconnect"},"message":"E0612 16:19:06.370941   55090 watch.go:40] Failed to load config from \"/Users/neerajkaneria/StudioProjects/Flutter_Applications/dataconnect\": could not find dataconnect.yaml in `/Users/neerajkaneria/StudioProjects/Flutter_Applications/dataconnect`\n"}}
[debug] [2026-06-12T10:49:16.372Z] E0612 16:19:16.372554   55090 watch.go:40] Failed to load config from "/Users/neerajkaneria/StudioProjects/Flutter_Applications/dataconnect": could not find dataconnect.yaml in `/Users/neerajkaneria/StudioProjects/Flutter_Applications/dataconnect`
 {"metadata":{"emulator":{"name":"dataconnect"},"message":"E0612 16:19:16.372554   55090 watch.go:40] Failed to load config from \"/Users/neerajkaneria/StudioProjects/Flutter_Applications/dataconnect\": could not find dataconnect.yaml in `/Users/neerajkaneria/StudioProjects/Flutter_Applications/dataconnect`\n"}}
[debug] [2026-06-12T10:49:26.372Z] E0612 16:19:26.372737   55090 watch.go:40] Failed to load config from "/Users/neerajkaneria/StudioProjects/Flutter_Applications/dataconnect": could not find dataconnect.yaml in `/Users/neerajkaneria/StudioProjects/Flutter_Applications/dataconnect`
 {"metadata":{"emulator":{"name":"dataconnect"},"message":"E0612 16:19:26.372737   55090 watch.go:40] Failed to load config from \"/Users/neerajkaneria/StudioProjects/Flutter_Applications/dataconnect\": could not find dataconnect.yaml in `/Users/neerajkaneria/StudioProjects/Flutter_Applications/dataconnect`\n"}}
[debug] [2026-06-12T10:49:36.371Z] E0612 16:19:36.370923   55090 watch.go:40] Failed to load config from "/Users/neerajkaneria/StudioProjects/Flutter_Applications/dataconnect": could not find dataconnect.yaml in `/Users/neerajkaneria/StudioProjects/Flutter_Applications/dataconnect`
 {"metadata":{"emulator":{"name":"dataconnect"},"message":"E0612 16:19:36.370923   55090 watch.go:40] Failed to load config from \"/Users/neerajkaneria/StudioProjects/Flutter_Applications/dataconnect\": could not find dataconnect.yaml in `/Users/neerajkaneria/StudioProjects/Flutter_Applications/dataconnect`\n"}}
[debug] [2026-06-12T10:49:36.372Z] E0612 16:19:36.370871   55090 watch.go:116] watchAllDir unable to walk dir `/Users/neerajkaneria/StudioProjects/Flutter_Applications/dataconnect`: lstat /Users/neerajkaneria/StudioProjects/Flutter_Applications/dataconnect: no such file or directory
 {"metadata":{"emulator":{"name":"dataconnect"},"message":"E0612 16:19:36.370871   55090 watch.go:116] watchAllDir unable to walk dir `/Users/neerajkaneria/StudioProjects/Flutter_Applications/dataconnect`: lstat /Users/neerajkaneria/StudioProjects/Flutter_Applications/dataconnect: no such file or directory\n"}}
[debug] [2026-06-12T10:49:46.382Z] E0612 16:19:46.373451   55090 watch.go:40] Failed to load config from "/Users/neerajkaneria/StudioProjects/Flutter_Applications/dataconnect": could not find dataconnect.yaml in `/Users/neerajkaneria/StudioProjects/Flutter_Applications/dataconnect`
 {"metadata":{"emulator":{"name":"dataconnect"},"message":"E0612 16:19:46.373451   55090 watch.go:40] Failed to load config from \"/Users/neerajkaneria/StudioProjects/Flutter_Applications/dataconnect\": could not find dataconnect.yaml in `/Users/neerajkaneria/StudioProjects/Flutter_Applications/dataconnect`\n"}}
[debug] [2026-06-12T10:49:56.372Z] E0612 16:19:56.371680   55090 watch.go:40] Failed to load config from "/Users/neerajkaneria/StudioProjects/Flutter_Applications/dataconnect": could not find dataconnect.yaml in `/Users/neerajkaneria/StudioProjects/Flutter_Applications/dataconnect`
 {"metadata":{"emulator":{"name":"dataconnect"},"message":"E0612 16:19:56.371680   55090 watch.go:40] Failed to load config from \"/Users/neerajkaneria/StudioProjects/Flutter_Applications/dataconnect\": could not find dataconnect.yaml in `/Users/neerajkaneria/StudioProjects/Flutter_Applications/dataconnect`\n"}}
[debug] [2026-06-12T10:50:06.370Z] E0612 16:20:06.370571   55090 watch.go:40] Failed to load config from "/Users/neerajkaneria/StudioProjects/Flutter_Applications/dataconnect": could not find dataconnect.yaml in `/Users/neerajkaneria/StudioProjects/Flutter_Applications/dataconnect`
 {"metadata":{"emulator":{"name":"dataconnect"},"message":"E0612 16:20:06.370571   55090 watch.go:40] Failed to load config from \"/Users/neerajkaneria/StudioProjects/Flutter_Applications/dataconnect\": could not find dataconnect.yaml in `/Users/neerajkaneria/StudioProjects/Flutter_Applications/dataconnect`\n"}}
[debug] [2026-06-12T10:50:16.371Z] E0612 16:20:16.371107   55090 watch.go:40] Failed to load config from "/Users/neerajkaneria/StudioProjects/Flutter_Applications/dataconnect": could not find dataconnect.yaml in `/Users/neerajkaneria/StudioProjects/Flutter_Applications/dataconnect`
 {"metadata":{"emulator":{"name":"dataconnect"},"message":"E0612 16:20:16.371107   55090 watch.go:40] Failed to load config from \"/Users/neerajkaneria/StudioProjects/Flutter_Applications/dataconnect\": could not find dataconnect.yaml in `/Users/neerajkaneria/StudioProjects/Flutter_Applications/dataconnect`\n"}}
[debug] [2026-06-12T10:50:26.371Z] E0612 16:20:26.371260   55090 watch.go:40] Failed to load config from "/Users/neerajkaneria/StudioProjects/Flutter_Applications/dataconnect": could not find dataconnect.yaml in `/Users/neerajkaneria/StudioProjects/Flutter_Applications/dataconnect`
 {"metadata":{"emulator":{"name":"dataconnect"},"message":"E0612 16:20:26.371260   55090 watch.go:40] Failed to load config from \"/Users/neerajkaneria/StudioProjects/Flutter_Applications/dataconnect\": could not find dataconnect.yaml in `/Users/neerajkaneria/StudioProjects/Flutter_Applications/dataconnect`\n"}}
[debug] [2026-06-12T10:50:36.371Z] E0612 16:20:36.369985   55090 watch.go:40] Failed to load config from "/Users/neerajkaneria/StudioProjects/Flutter_Applications/dataconnect": could not find dataconnect.yaml in `/Users/neerajkaneria/StudioProjects/Flutter_Applications/dataconnect`
 {"metadata":{"emulator":{"name":"dataconnect"},"message":"E0612 16:20:36.369985   55090 watch.go:40] Failed to load config from \"/Users/neerajkaneria/StudioProjects/Flutter_Applications/dataconnect\": could not find dataconnect.yaml in `/Users/neerajkaneria/StudioProjects/Flutter_Applications/dataconnect`\n"}}
[debug] [2026-06-12T10:50:36.373Z] E0612 16:20:36.369879   55090 watch.go:116] watchAllDir unable to walk dir `/Users/neerajkaneria/StudioProjects/Flutter_Applications/dataconnect`: lstat /Users/neerajkaneria/StudioProjects/Flutter_Applications/dataconnect: no such file or directory
 {"metadata":{"emulator":{"name":"dataconnect"},"message":"E0612 16:20:36.369879   55090 watch.go:116] watchAllDir unable to walk dir `/Users/neerajkaneria/StudioProjects/Flutter_Applications/dataconnect`: lstat /Users/neerajkaneria/StudioProjects/Flutter_Applications/dataconnect: no such file or directory\n"}}
[debug] [2026-06-12T10:50:46.371Z] E0612 16:20:46.370620   55090 watch.go:40] Failed to load config from "/Users/neerajkaneria/StudioProjects/Flutter_Applications/dataconnect": could not find dataconnect.yaml in `/Users/neerajkaneria/StudioProjects/Flutter_Applications/dataconnect`
 {"metadata":{"emulator":{"name":"dataconnect"},"message":"E0612 16:20:46.370620   55090 watch.go:40] Failed to load config from \"/Users/neerajkaneria/StudioProjects/Flutter_Applications/dataconnect\": could not find dataconnect.yaml in `/Users/neerajkaneria/StudioProjects/Flutter_Applications/dataconnect`\n"}}
[debug] [2026-06-12T10:50:56.372Z] E0612 16:20:56.371196   55090 watch.go:40] Failed to load config from "/Users/neerajkaneria/StudioProjects/Flutter_Applications/dataconnect": could not find dataconnect.yaml in `/Users/neerajkaneria/StudioProjects/Flutter_Applications/dataconnect`
 {"metadata":{"emulator":{"name":"dataconnect"},"message":"E0612 16:20:56.371196   55090 watch.go:40] Failed to load config from \"/Users/neerajkaneria/StudioProjects/Flutter_Applications/dataconnect\": could not find dataconnect.yaml in `/Users/neerajkaneria/StudioProjects/Flutter_Applications/dataconnect`\n"}}
[debug] [2026-06-12T10:51:06.372Z] E0612 16:21:06.371907   55090 watch.go:40] Failed to load config from "/Users/neerajkaneria/StudioProjects/Flutter_Applications/dataconnect": could not find dataconnect.yaml in `/Users/neerajkaneria/StudioProjects/Flutter_Applications/dataconnect`
 {"metadata":{"emulator":{"name":"dataconnect"},"message":"E0612 16:21:06.371907   55090 watch.go:40] Failed to load config from \"/Users/neerajkaneria/StudioProjects/Flutter_Applications/dataconnect\": could not find dataconnect.yaml in `/Users/neerajkaneria/StudioProjects/Flutter_Applications/dataconnect`\n"}}
[debug] [2026-06-12T10:51:16.376Z] E0612 16:21:16.376004   55090 watch.go:40] Failed to load config from "/Users/neerajkaneria/StudioProjects/Flutter_Applications/dataconnect": could not find dataconnect.yaml in `/Users/neerajkaneria/StudioProjects/Flutter_Applications/dataconnect`
 {"metadata":{"emulator":{"name":"dataconnect"},"message":"E0612 16:21:16.376004   55090 watch.go:40] Failed to load config from \"/Users/neerajkaneria/StudioProjects/Flutter_Applications/dataconnect\": could not find dataconnect.yaml in `/Users/neerajkaneria/StudioProjects/Flutter_Applications/dataconnect`\n"}}
[debug] [2026-06-12T10:51:26.370Z] E0612 16:21:26.369524   55090 watch.go:40] Failed to load config from "/Users/neerajkaneria/StudioProjects/Flutter_Applications/dataconnect": could not find dataconnect.yaml in `/Users/neerajkaneria/StudioProjects/Flutter_Applications/dataconnect`
 {"metadata":{"emulator":{"name":"dataconnect"},"message":"E0612 16:21:26.369524   55090 watch.go:40] Failed to load config from \"/Users/neerajkaneria/StudioProjects/Flutter_Applications/dataconnect\": could not find dataconnect.yaml in `/Users/neerajkaneria/StudioProjects/Flutter_Applications/dataconnect`\n"}}
[debug] [2026-06-12T10:51:36.371Z] E0612 16:21:36.370309   55090 watch.go:40] Failed to load config from "/Users/neerajkaneria/StudioProjects/Flutter_Applications/dataconnect": could not find dataconnect.yaml in `/Users/neerajkaneria/StudioProjects/Flutter_Applications/dataconnect`
E0612 16:21:36.370282   55090 watch.go:116] watchAllDir unable to walk dir `/Users/neerajkaneria/StudioProjects/Flutter_Applications/dataconnect`: lstat /Users/neerajkaneria/StudioProjects/Flutter_Applications/dataconnect: no such file or directory
 {"metadata":{"emulator":{"name":"dataconnect"},"message":"E0612 16:21:36.370309   55090 watch.go:40] Failed to load config from \"/Users/neerajkaneria/StudioProjects/Flutter_Applications/dataconnect\": could not find dataconnect.yaml in `/Users/neerajkaneria/StudioProjects/Flutter_Applications/dataconnect`\nE0612 16:21:36.370282   55090 watch.go:116] watchAllDir unable to walk dir `/Users/neerajkaneria/StudioProjects/Flutter_Applications/dataconnect`: lstat /Users/neerajkaneria/StudioProjects/Flutter_Applications/dataconnect: no such file or directory\n"}}
[debug] [2026-06-12T10:51:46.371Z] E0612 16:21:46.370722   55090 watch.go:40] Failed to load config from "/Users/neerajkaneria/StudioProjects/Flutter_Applications/dataconnect": could not find dataconnect.yaml in `/Users/neerajkaneria/StudioProjects/Flutter_Applications/dataconnect`
 {"metadata":{"emulator":{"name":"dataconnect"},"message":"E0612 16:21:46.370722   55090 watch.go:40] Failed to load config from \"/Users/neerajkaneria/StudioProjects/Flutter_Applications/dataconnect\": could not find dataconnect.yaml in `/Users/neerajkaneria/StudioProjects/Flutter_Applications/dataconnect`\n"}}
[debug] [2026-06-12T10:51:56.370Z] E0612 16:21:56.369672   55090 watch.go:40] Failed to load config from "/Users/neerajkaneria/StudioProjects/Flutter_Applications/dataconnect": could not find dataconnect.yaml in `/Users/neerajkaneria/StudioProjects/Flutter_Applications/dataconnect`
 {"metadata":{"emulator":{"name":"dataconnect"},"message":"E0612 16:21:56.369672   55090 watch.go:40] Failed to load config from \"/Users/neerajkaneria/StudioProjects/Flutter_Applications/dataconnect\": could not find dataconnect.yaml in `/Users/neerajkaneria/StudioProjects/Flutter_Applications/dataconnect`\n"}}
[debug] [2026-06-12T10:52:06.370Z] E0612 16:22:06.369788   55090 watch.go:40] Failed to load config from "/Users/neerajkaneria/StudioProjects/Flutter_Applications/dataconnect": could not find dataconnect.yaml in `/Users/neerajkaneria/StudioProjects/Flutter_Applications/dataconnect`
 {"metadata":{"emulator":{"name":"dataconnect"},"message":"E0612 16:22:06.369788   55090 watch.go:40] Failed to load config from \"/Users/neerajkaneria/StudioProjects/Flutter_Applications/dataconnect\": could not find dataconnect.yaml in `/Users/neerajkaneria/StudioProjects/Flutter_Applications/dataconnect`\n"}}
[debug] [2026-06-12T10:52:16.371Z] E0612 16:22:16.370472   55090 watch.go:40] Failed to load config from "/Users/neerajkaneria/StudioProjects/Flutter_Applications/dataconnect": could not find dataconnect.yaml in `/Users/neerajkaneria/StudioProjects/Flutter_Applications/dataconnect`
 {"metadata":{"emulator":{"name":"dataconnect"},"message":"E0612 16:22:16.370472   55090 watch.go:40] Failed to load config from \"/Users/neerajkaneria/StudioProjects/Flutter_Applications/dataconnect\": could not find dataconnect.yaml in `/Users/neerajkaneria/StudioProjects/Flutter_Applications/dataconnect`\n"}}
[debug] [2026-06-12T10:52:26.371Z] E0612 16:22:26.370462   55090 watch.go:40] Failed to load config from "/Users/neerajkaneria/StudioProjects/Flutter_Applications/dataconnect": could not find dataconnect.yaml in `/Users/neerajkaneria/StudioProjects/Flutter_Applications/dataconnect`
 {"metadata":{"emulator":{"name":"dataconnect"},"message":"E0612 16:22:26.370462   55090 watch.go:40] Failed to load config from \"/Users/neerajkaneria/StudioProjects/Flutter_Applications/dataconnect\": could not find dataconnect.yaml in `/Users/neerajkaneria/StudioProjects/Flutter_Applications/dataconnect`\n"}}
[debug] [2026-06-12T10:52:36.370Z] E0612 16:22:36.370378   55090 watch.go:40] Failed to load config from "/Users/neerajkaneria/StudioProjects/Flutter_Applications/dataconnect": could not find dataconnect.yaml in `/Users/neerajkaneria/StudioProjects/Flutter_Applications/dataconnect`
 {"metadata":{"emulator":{"name":"dataconnect"},"message":"E0612 16:22:36.370378   55090 watch.go:40] Failed to load config from \"/Users/neerajkaneria/StudioProjects/Flutter_Applications/dataconnect\": could not find dataconnect.yaml in `/Users/neerajkaneria/StudioProjects/Flutter_Applications/dataconnect`\n"}}
[debug] [2026-06-12T10:52:36.381Z] E0612 16:22:36.369368   55090 watch.go:116] watchAllDir unable to walk dir `/Users/neerajkaneria/StudioProjects/Flutter_Applications/dataconnect`: lstat /Users/neerajkaneria/StudioProjects/Flutter_Applications/dataconnect: no such file or directory
 {"metadata":{"emulator":{"name":"dataconnect"},"message":"E0612 16:22:36.369368   55090 watch.go:116] watchAllDir unable to walk dir `/Users/neerajkaneria/StudioProjects/Flutter_Applications/dataconnect`: lstat /Users/neerajkaneria/StudioProjects/Flutter_Applications/dataconnect: no such file or directory\n"}}
[debug] [2026-06-12T10:52:46.371Z] E0612 16:22:46.369667   55090 watch.go:40] Failed to load config from "/Users/neerajkaneria/StudioProjects/Flutter_Applications/dataconnect": could not find dataconnect.yaml in `/Users/neerajkaneria/StudioProjects/Flutter_Applications/dataconnect`
 {"metadata":{"emulator":{"name":"dataconnect"},"message":"E0612 16:22:46.369667   55090 watch.go:40] Failed to load config from \"/Users/neerajkaneria/StudioProjects/Flutter_Applications/dataconnect\": could not find dataconnect.yaml in `/Users/neerajkaneria/StudioProjects/Flutter_Applications/dataconnect`\n"}}
[debug] [2026-06-12T10:52:56.375Z] E0612 16:22:56.374765   55090 watch.go:40] Failed to load config from "/Users/neerajkaneria/StudioProjects/Flutter_Applications/dataconnect": could not find dataconnect.yaml in `/Users/neerajkaneria/StudioProjects/Flutter_Applications/dataconnect`
 {"metadata":{"emulator":{"name":"dataconnect"},"message":"E0612 16:22:56.374765   55090 watch.go:40] Failed to load config from \"/Users/neerajkaneria/StudioProjects/Flutter_Applications/dataconnect\": could not find dataconnect.yaml in `/Users/neerajkaneria/StudioProjects/Flutter_Applications/dataconnect`\n"}}
[debug] [2026-06-12T10:53:06.370Z] E0612 16:23:06.369693   55090 watch.go:40] Failed to load config from "/Users/neerajkaneria/StudioProjects/Flutter_Applications/dataconnect": could not find dataconnect.yaml in `/Users/neerajkaneria/StudioProjects/Flutter_Applications/dataconnect`
 {"metadata":{"emulator":{"name":"dataconnect"},"message":"E0612 16:23:06.369693   55090 watch.go:40] Failed to load config from \"/Users/neerajkaneria/StudioProjects/Flutter_Applications/dataconnect\": could not find dataconnect.yaml in `/Users/neerajkaneria/StudioProjects/Flutter_Applications/dataconnect`\n"}}
[debug] [2026-06-12T10:53:16.369Z] E0612 16:23:16.368927   55090 watch.go:40] Failed to load config from "/Users/neerajkaneria/StudioProjects/Flutter_Applications/dataconnect": could not find dataconnect.yaml in `/Users/neerajkaneria/StudioProjects/Flutter_Applications/dataconnect`
 {"metadata":{"emulator":{"name":"dataconnect"},"message":"E0612 16:23:16.368927   55090 watch.go:40] Failed to load config from \"/Users/neerajkaneria/StudioProjects/Flutter_Applications/dataconnect\": could not find dataconnect.yaml in `/Users/neerajkaneria/StudioProjects/Flutter_Applications/dataconnect`\n"}}
[debug] [2026-06-12T10:53:26.369Z] E0612 16:23:26.369137   55090 watch.go:40] Failed to load config from "/Users/neerajkaneria/StudioProjects/Flutter_Applications/dataconnect": could not find dataconnect.yaml in `/Users/neerajkaneria/StudioProjects/Flutter_Applications/dataconnect`
 {"metadata":{"emulator":{"name":"dataconnect"},"message":"E0612 16:23:26.369137   55090 watch.go:40] Failed to load config from \"/Users/neerajkaneria/StudioProjects/Flutter_Applications/dataconnect\": could not find dataconnect.yaml in `/Users/neerajkaneria/StudioProjects/Flutter_Applications/dataconnect`\n"}}
[debug] [2026-06-12T10:53:36.371Z] E0612 16:23:36.369606   55090 watch.go:40] Failed to load config from "/Users/neerajkaneria/StudioProjects/Flutter_Applications/dataconnect": could not find dataconnect.yaml in `/Users/neerajkaneria/StudioProjects/Flutter_Applications/dataconnect`
 {"metadata":{"emulator":{"name":"dataconnect"},"message":"E0612 16:23:36.369606   55090 watch.go:40] Failed to load config from \"/Users/neerajkaneria/StudioProjects/Flutter_Applications/dataconnect\": could not find dataconnect.yaml in `/Users/neerajkaneria/StudioProjects/Flutter_Applications/dataconnect`\n"}}
[debug] [2026-06-12T10:53:36.373Z] E0612 16:23:36.369465   55090 watch.go:116] watchAllDir unable to walk dir `/Users/neerajkaneria/StudioProjects/Flutter_Applications/dataconnect`: lstat /Users/neerajkaneria/StudioProjects/Flutter_Applications/dataconnect: no such file or directory
 {"metadata":{"emulator":{"name":"dataconnect"},"message":"E0612 16:23:36.369465   55090 watch.go:116] watchAllDir unable to walk dir `/Users/neerajkaneria/StudioProjects/Flutter_Applications/dataconnect`: lstat /Users/neerajkaneria/StudioProjects/Flutter_Applications/dataconnect: no such file or directory\n"}}
[debug] [2026-06-12T10:53:46.371Z] E0612 16:23:46.370282   55090 watch.go:40] Failed to load config from "/Users/neerajkaneria/StudioProjects/Flutter_Applications/dataconnect": could not find dataconnect.yaml in `/Users/neerajkaneria/StudioProjects/Flutter_Applications/dataconnect`
 {"metadata":{"emulator":{"name":"dataconnect"},"message":"E0612 16:23:46.370282   55090 watch.go:40] Failed to load config from \"/Users/neerajkaneria/StudioProjects/Flutter_Applications/dataconnect\": could not find dataconnect.yaml in `/Users/neerajkaneria/StudioProjects/Flutter_Applications/dataconnect`\n"}}
[debug] [2026-06-12T10:53:56.370Z] E0612 16:23:56.369650   55090 watch.go:40] Failed to load config from "/Users/neerajkaneria/StudioProjects/Flutter_Applications/dataconnect": could not find dataconnect.yaml in `/Users/neerajkaneria/StudioProjects/Flutter_Applications/dataconnect`
 {"metadata":{"emulator":{"name":"dataconnect"},"message":"E0612 16:23:56.369650   55090 watch.go:40] Failed to load config from \"/Users/neerajkaneria/StudioProjects/Flutter_Applications/dataconnect\": could not find dataconnect.yaml in `/Users/neerajkaneria/StudioProjects/Flutter_Applications/dataconnect`\n"}}
[debug] [2026-06-12T10:54:06.377Z] E0612 16:24:06.371940   55090 watch.go:40] Failed to load config from "/Users/neerajkaneria/StudioProjects/Flutter_Applications/dataconnect": could not find dataconnect.yaml in `/Users/neerajkaneria/StudioProjects/Flutter_Applications/dataconnect`
 {"metadata":{"emulator":{"name":"dataconnect"},"message":"E0612 16:24:06.371940   55090 watch.go:40] Failed to load config from \"/Users/neerajkaneria/StudioProjects/Flutter_Applications/dataconnect\": could not find dataconnect.yaml in `/Users/neerajkaneria/StudioProjects/Flutter_Applications/dataconnect`\n"}}
[debug] [2026-06-12T10:54:16.370Z] E0612 16:24:16.368729   55090 watch.go:40] Failed to load config from "/Users/neerajkaneria/StudioProjects/Flutter_Applications/dataconnect": could not find dataconnect.yaml in `/Users/neerajkaneria/StudioProjects/Flutter_Applications/dataconnect`
 {"metadata":{"emulator":{"name":"dataconnect"},"message":"E0612 16:24:16.368729   55090 watch.go:40] Failed to load config from \"/Users/neerajkaneria/StudioProjects/Flutter_Applications/dataconnect\": could not find dataconnect.yaml in `/Users/neerajkaneria/StudioProjects/Flutter_Applications/dataconnect`\n"}}
[debug] [2026-06-12T10:54:26.374Z] E0612 16:24:26.369615   55090 watch.go:40] Failed to load config from "/Users/neerajkaneria/StudioProjects/Flutter_Applications/dataconnect": could not find dataconnect.yaml in `/Users/neerajkaneria/StudioProjects/Flutter_Applications/dataconnect`
 {"metadata":{"emulator":{"name":"dataconnect"},"message":"E0612 16:24:26.369615   55090 watch.go:40] Failed to load config from \"/Users/neerajkaneria/StudioProjects/Flutter_Applications/dataconnect\": could not find dataconnect.yaml in `/Users/neerajkaneria/StudioProjects/Flutter_Applications/dataconnect`\n"}}
[debug] [2026-06-12T10:54:36.368Z] E0612 16:24:36.368299   55090 watch.go:40] Failed to load config from "/Users/neerajkaneria/StudioProjects/Flutter_Applications/dataconnect": could not find dataconnect.yaml in `/Users/neerajkaneria/StudioProjects/Flutter_Applications/dataconnect`
 {"metadata":{"emulator":{"name":"dataconnect"},"message":"E0612 16:24:36.368299   55090 watch.go:40] Failed to load config from \"/Users/neerajkaneria/StudioProjects/Flutter_Applications/dataconnect\": could not find dataconnect.yaml in `/Users/neerajkaneria/StudioProjects/Flutter_Applications/dataconnect`\n"}}
[debug] [2026-06-12T10:54:36.374Z] E0612 16:24:36.368270   55090 watch.go:116] watchAllDir unable to walk dir `/Users/neerajkaneria/StudioProjects/Flutter_Applications/dataconnect`: lstat /Users/neerajkaneria/StudioProjects/Flutter_Applications/dataconnect: no such file or directory
 {"metadata":{"emulator":{"name":"dataconnect"},"message":"E0612 16:24:36.368270   55090 watch.go:116] watchAllDir unable to walk dir `/Users/neerajkaneria/StudioProjects/Flutter_Applications/dataconnect`: lstat /Users/neerajkaneria/StudioProjects/Flutter_Applications/dataconnect: no such file or directory\n"}}
[debug] [2026-06-12T10:54:46.368Z] E0612 16:24:46.367667   55090 watch.go:40] Failed to load config from "/Users/neerajkaneria/StudioProjects/Flutter_Applications/dataconnect": could not find dataconnect.yaml in `/Users/neerajkaneria/StudioProjects/Flutter_Applications/dataconnect`
 {"metadata":{"emulator":{"name":"dataconnect"},"message":"E0612 16:24:46.367667   55090 watch.go:40] Failed to load config from \"/Users/neerajkaneria/StudioProjects/Flutter_Applications/dataconnect\": could not find dataconnect.yaml in `/Users/neerajkaneria/StudioProjects/Flutter_Applications/dataconnect`\n"}}
[debug] [2026-06-12T10:54:56.368Z] E0612 16:24:56.368414   55090 watch.go:40] Failed to load config from "/Users/neerajkaneria/StudioProjects/Flutter_Applications/dataconnect": could not find dataconnect.yaml in `/Users/neerajkaneria/StudioProjects/Flutter_Applications/dataconnect`
 {"metadata":{"emulator":{"name":"dataconnect"},"message":"E0612 16:24:56.368414   55090 watch.go:40] Failed to load config from \"/Users/neerajkaneria/StudioProjects/Flutter_Applications/dataconnect\": could not find dataconnect.yaml in `/Users/neerajkaneria/StudioProjects/Flutter_Applications/dataconnect`\n"}}
[debug] [2026-06-12T10:55:06.369Z] E0612 16:25:06.368863   55090 watch.go:40] Failed to load config from "/Users/neerajkaneria/StudioProjects/Flutter_Applications/dataconnect": could not find dataconnect.yaml in `/Users/neerajkaneria/StudioProjects/Flutter_Applications/dataconnect`
 {"metadata":{"emulator":{"name":"dataconnect"},"message":"E0612 16:25:06.368863   55090 watch.go:40] Failed to load config from \"/Users/neerajkaneria/StudioProjects/Flutter_Applications/dataconnect\": could not find dataconnect.yaml in `/Users/neerajkaneria/StudioProjects/Flutter_Applications/dataconnect`\n"}}
[debug] [2026-06-12T10:55:16.371Z] E0612 16:25:16.370482   55090 watch.go:40] Failed to load config from "/Users/neerajkaneria/StudioProjects/Flutter_Applications/dataconnect": could not find dataconnect.yaml in `/Users/neerajkaneria/StudioProjects/Flutter_Applications/dataconnect`
 {"metadata":{"emulator":{"name":"dataconnect"},"message":"E0612 16:25:16.370482   55090 watch.go:40] Failed to load config from \"/Users/neerajkaneria/StudioProjects/Flutter_Applications/dataconnect\": could not find dataconnect.yaml in `/Users/neerajkaneria/StudioProjects/Flutter_Applications/dataconnect`\n"}}
[debug] [2026-06-12T10:55:26.369Z] E0612 16:25:26.368859   55090 watch.go:40] Failed to load config from "/Users/neerajkaneria/StudioProjects/Flutter_Applications/dataconnect": could not find dataconnect.yaml in `/Users/neerajkaneria/StudioProjects/Flutter_Applications/dataconnect`
 {"metadata":{"emulator":{"name":"dataconnect"},"message":"E0612 16:25:26.368859   55090 watch.go:40] Failed to load config from \"/Users/neerajkaneria/StudioProjects/Flutter_Applications/dataconnect\": could not find dataconnect.yaml in `/Users/neerajkaneria/StudioProjects/Flutter_Applications/dataconnect`\n"}}
[debug] [2026-06-12T10:55:36.369Z] E0612 16:25:36.367315   55090 watch.go:116] watchAllDir unable to walk dir `/Users/neerajkaneria/StudioProjects/Flutter_Applications/dataconnect`: lstat /Users/neerajkaneria/StudioProjects/Flutter_Applications/dataconnect: no such file or directory
 {"metadata":{"emulator":{"name":"dataconnect"},"message":"E0612 16:25:36.367315   55090 watch.go:116] watchAllDir unable to walk dir `/Users/neerajkaneria/StudioProjects/Flutter_Applications/dataconnect`: lstat /Users/neerajkaneria/StudioProjects/Flutter_Applications/dataconnect: no such file or directory\n"}}
[debug] [2026-06-12T10:55:36.371Z] E0612 16:25:36.369060   55090 watch.go:40] Failed to load config from "/Users/neerajkaneria/StudioProjects/Flutter_Applications/dataconnect": could not find dataconnect.yaml in `/Users/neerajkaneria/StudioProjects/Flutter_Applications/dataconnect`
 {"metadata":{"emulator":{"name":"dataconnect"},"message":"E0612 16:25:36.369060   55090 watch.go:40] Failed to load config from \"/Users/neerajkaneria/StudioProjects/Flutter_Applications/dataconnect\": could not find dataconnect.yaml in `/Users/neerajkaneria/StudioProjects/Flutter_Applications/dataconnect`\n"}}
[debug] [2026-06-12T10:55:46.367Z] E0612 16:25:46.367628   55090 watch.go:40] Failed to load config from "/Users/neerajkaneria/StudioProjects/Flutter_Applications/dataconnect": could not find dataconnect.yaml in `/Users/neerajkaneria/StudioProjects/Flutter_Applications/dataconnect`
 {"metadata":{"emulator":{"name":"dataconnect"},"message":"E0612 16:25:46.367628   55090 watch.go:40] Failed to load config from \"/Users/neerajkaneria/StudioProjects/Flutter_Applications/dataconnect\": could not find dataconnect.yaml in `/Users/neerajkaneria/StudioProjects/Flutter_Applications/dataconnect`\n"}}
[debug] [2026-06-12T10:55:56.368Z] E0612 16:25:56.368168   55090 watch.go:40] Failed to load config from "/Users/neerajkaneria/StudioProjects/Flutter_Applications/dataconnect": could not find dataconnect.yaml in `/Users/neerajkaneria/StudioProjects/Flutter_Applications/dataconnect`
 {"metadata":{"emulator":{"name":"dataconnect"},"message":"E0612 16:25:56.368168   55090 watch.go:40] Failed to load config from \"/Users/neerajkaneria/StudioProjects/Flutter_Applications/dataconnect\": could not find dataconnect.yaml in `/Users/neerajkaneria/StudioProjects/Flutter_Applications/dataconnect`\n"}}
[debug] [2026-06-12T10:56:06.367Z] E0612 16:26:06.367397   55090 watch.go:40] Failed to load config from "/Users/neerajkaneria/StudioProjects/Flutter_Applications/dataconnect": could not find dataconnect.yaml in `/Users/neerajkaneria/StudioProjects/Flutter_Applications/dataconnect`
 {"metadata":{"emulator":{"name":"dataconnect"},"message":"E0612 16:26:06.367397   55090 watch.go:40] Failed to load config from \"/Users/neerajkaneria/StudioProjects/Flutter_Applications/dataconnect\": could not find dataconnect.yaml in `/Users/neerajkaneria/StudioProjects/Flutter_Applications/dataconnect`\n"}}
[debug] [2026-06-12T10:56:16.370Z] E0612 16:26:16.369229   55090 watch.go:40] Failed to load config from "/Users/neerajkaneria/StudioProjects/Flutter_Applications/dataconnect": could not find dataconnect.yaml in `/Users/neerajkaneria/StudioProjects/Flutter_Applications/dataconnect`
 {"metadata":{"emulator":{"name":"dataconnect"},"message":"E0612 16:26:16.369229   55090 watch.go:40] Failed to load config from \"/Users/neerajkaneria/StudioProjects/Flutter_Applications/dataconnect\": could not find dataconnect.yaml in `/Users/neerajkaneria/StudioProjects/Flutter_Applications/dataconnect`\n"}}
[debug] [2026-06-12T10:56:26.369Z] E0612 16:26:26.369315   55090 watch.go:40] Failed to load config from "/Users/neerajkaneria/StudioProjects/Flutter_Applications/dataconnect": could not find dataconnect.yaml in `/Users/neerajkaneria/StudioProjects/Flutter_Applications/dataconnect`
 {"metadata":{"emulator":{"name":"dataconnect"},"message":"E0612 16:26:26.369315   55090 watch.go:40] Failed to load config from \"/Users/neerajkaneria/StudioProjects/Flutter_Applications/dataconnect\": could not find dataconnect.yaml in `/Users/neerajkaneria/StudioProjects/Flutter_Applications/dataconnect`\n"}}
[debug] [2026-06-12T10:56:36.368Z] E0612 16:26:36.367368   55090 watch.go:40] Failed to load config from "/Users/neerajkaneria/StudioProjects/Flutter_Applications/dataconnect": could not find dataconnect.yaml in `/Users/neerajkaneria/StudioProjects/Flutter_Applications/dataconnect`
 {"metadata":{"emulator":{"name":"dataconnect"},"message":"E0612 16:26:36.367368   55090 watch.go:40] Failed to load config from \"/Users/neerajkaneria/StudioProjects/Flutter_Applications/dataconnect\": could not find dataconnect.yaml in `/Users/neerajkaneria/StudioProjects/Flutter_Applications/dataconnect`\n"}}
[debug] [2026-06-12T10:56:36.369Z] E0612 16:26:36.367226   55090 watch.go:116] watchAllDir unable to walk dir `/Users/neerajkaneria/StudioProjects/Flutter_Applications/dataconnect`: lstat /Users/neerajkaneria/StudioProjects/Flutter_Applications/dataconnect: no such file or directory
 {"metadata":{"emulator":{"name":"dataconnect"},"message":"E0612 16:26:36.367226   55090 watch.go:116] watchAllDir unable to walk dir `/Users/neerajkaneria/StudioProjects/Flutter_Applications/dataconnect`: lstat /Users/neerajkaneria/StudioProjects/Flutter_Applications/dataconnect: no such file or directory\n"}}
[debug] [2026-06-12T10:56:46.367Z] E0612 16:26:46.366728   55090 watch.go:40] Failed to load config from "/Users/neerajkaneria/StudioProjects/Flutter_Applications/dataconnect": could not find dataconnect.yaml in `/Users/neerajkaneria/StudioProjects/Flutter_Applications/dataconnect`
 {"metadata":{"emulator":{"name":"dataconnect"},"message":"E0612 16:26:46.366728   55090 watch.go:40] Failed to load config from \"/Users/neerajkaneria/StudioProjects/Flutter_Applications/dataconnect\": could not find dataconnect.yaml in `/Users/neerajkaneria/StudioProjects/Flutter_Applications/dataconnect`\n"}}
[debug] [2026-06-12T10:56:56.367Z] E0612 16:26:56.367008   55090 watch.go:40] Failed to load config from "/Users/neerajkaneria/StudioProjects/Flutter_Applications/dataconnect": could not find dataconnect.yaml in `/Users/neerajkaneria/StudioProjects/Flutter_Applications/dataconnect`
 {"metadata":{"emulator":{"name":"dataconnect"},"message":"E0612 16:26:56.367008   55090 watch.go:40] Failed to load config from \"/Users/neerajkaneria/StudioProjects/Flutter_Applications/dataconnect\": could not find dataconnect.yaml in `/Users/neerajkaneria/StudioProjects/Flutter_Applications/dataconnect`\n"}}
[debug] [2026-06-12T10:57:06.366Z] E0612 16:27:06.366510   55090 watch.go:40] Failed to load config from "/Users/neerajkaneria/StudioProjects/Flutter_Applications/dataconnect": could not find dataconnect.yaml in `/Users/neerajkaneria/StudioProjects/Flutter_Applications/dataconnect`
 {"metadata":{"emulator":{"name":"dataconnect"},"message":"E0612 16:27:06.366510   55090 watch.go:40] Failed to load config from \"/Users/neerajkaneria/StudioProjects/Flutter_Applications/dataconnect\": could not find dataconnect.yaml in `/Users/neerajkaneria/StudioProjects/Flutter_Applications/dataconnect`\n"}}
[debug] [2026-06-12T10:57:16.367Z] E0612 16:27:16.367302   55090 watch.go:40] Failed to load config from "/Users/neerajkaneria/StudioProjects/Flutter_Applications/dataconnect": could not find dataconnect.yaml in `/Users/neerajkaneria/StudioProjects/Flutter_Applications/dataconnect`
 {"metadata":{"emulator":{"name":"dataconnect"},"message":"E0612 16:27:16.367302   55090 watch.go:40] Failed to load config from \"/Users/neerajkaneria/StudioProjects/Flutter_Applications/dataconnect\": could not find dataconnect.yaml in `/Users/neerajkaneria/StudioProjects/Flutter_Applications/dataconnect`\n"}}
[debug] [2026-06-12T10:57:26.368Z] E0612 16:27:26.367879   55090 watch.go:40] Failed to load config from "/Users/neerajkaneria/StudioProjects/Flutter_Applications/dataconnect": could not find dataconnect.yaml in `/Users/neerajkaneria/StudioProjects/Flutter_Applications/dataconnect`
 {"metadata":{"emulator":{"name":"dataconnect"},"message":"E0612 16:27:26.367879   55090 watch.go:40] Failed to load config from \"/Users/neerajkaneria/StudioProjects/Flutter_Applications/dataconnect\": could not find dataconnect.yaml in `/Users/neerajkaneria/StudioProjects/Flutter_Applications/dataconnect`\n"}}
[debug] [2026-06-12T10:57:36.374Z] E0612 16:27:36.371512   55090 watch.go:40] Failed to load config from "/Users/neerajkaneria/StudioProjects/Flutter_Applications/dataconnect": could not find dataconnect.yaml in `/Users/neerajkaneria/StudioProjects/Flutter_Applications/dataconnect`
E0612 16:27:36.370444   55090 watch.go:116] watchAllDir unable to walk dir `/Users/neerajkaneria/StudioProjects/Flutter_Applications/dataconnect`: lstat /Users/neerajkaneria/StudioProjects/Flutter_Applications/dataconnect: no such file or directory
 {"metadata":{"emulator":{"name":"dataconnect"},"message":"E0612 16:27:36.371512   55090 watch.go:40] Failed to load config from \"/Users/neerajkaneria/StudioProjects/Flutter_Applications/dataconnect\": could not find dataconnect.yaml in `/Users/neerajkaneria/StudioProjects/Flutter_Applications/dataconnect`\nE0612 16:27:36.370444   55090 watch.go:116] watchAllDir unable to walk dir `/Users/neerajkaneria/StudioProjects/Flutter_Applications/dataconnect`: lstat /Users/neerajkaneria/StudioProjects/Flutter_Applications/dataconnect: no such file or directory\n"}}
[debug] [2026-06-12T10:57:46.366Z] E0612 16:27:46.365951   55090 watch.go:40] Failed to load config from "/Users/neerajkaneria/StudioProjects/Flutter_Applications/dataconnect": could not find dataconnect.yaml in `/Users/neerajkaneria/StudioProjects/Flutter_Applications/dataconnect`
 {"metadata":{"emulator":{"name":"dataconnect"},"message":"E0612 16:27:46.365951   55090 watch.go:40] Failed to load config from \"/Users/neerajkaneria/StudioProjects/Flutter_Applications/dataconnect\": could not find dataconnect.yaml in `/Users/neerajkaneria/StudioProjects/Flutter_Applications/dataconnect`\n"}}
[debug] [2026-06-12T10:57:56.368Z] E0612 16:27:56.367522   55090 watch.go:40] Failed to load config from "/Users/neerajkaneria/StudioProjects/Flutter_Applications/dataconnect": could not find dataconnect.yaml in `/Users/neerajkaneria/StudioProjects/Flutter_Applications/dataconnect`
 {"metadata":{"emulator":{"name":"dataconnect"},"message":"E0612 16:27:56.367522   55090 watch.go:40] Failed to load config from \"/Users/neerajkaneria/StudioProjects/Flutter_Applications/dataconnect\": could not find dataconnect.yaml in `/Users/neerajkaneria/StudioProjects/Flutter_Applications/dataconnect`\n"}}
[debug] [2026-06-12T10:58:06.368Z] E0612 16:28:06.366957   55090 watch.go:40] Failed to load config from "/Users/neerajkaneria/StudioProjects/Flutter_Applications/dataconnect": could not find dataconnect.yaml in `/Users/neerajkaneria/StudioProjects/Flutter_Applications/dataconnect`
 {"metadata":{"emulator":{"name":"dataconnect"},"message":"E0612 16:28:06.366957   55090 watch.go:40] Failed to load config from \"/Users/neerajkaneria/StudioProjects/Flutter_Applications/dataconnect\": could not find dataconnect.yaml in `/Users/neerajkaneria/StudioProjects/Flutter_Applications/dataconnect`\n"}}
[debug] [2026-06-12T10:58:16.367Z] E0612 16:28:16.367116   55090 watch.go:40] Failed to load config from "/Users/neerajkaneria/StudioProjects/Flutter_Applications/dataconnect": could not find dataconnect.yaml in `/Users/neerajkaneria/StudioProjects/Flutter_Applications/dataconnect`
 {"metadata":{"emulator":{"name":"dataconnect"},"message":"E0612 16:28:16.367116   55090 watch.go:40] Failed to load config from \"/Users/neerajkaneria/StudioProjects/Flutter_Applications/dataconnect\": could not find dataconnect.yaml in `/Users/neerajkaneria/StudioProjects/Flutter_Applications/dataconnect`\n"}}
[debug] [2026-06-12T10:58:26.366Z] E0612 16:28:26.366426   55090 watch.go:40] Failed to load config from "/Users/neerajkaneria/StudioProjects/Flutter_Applications/dataconnect": could not find dataconnect.yaml in `/Users/neerajkaneria/StudioProjects/Flutter_Applications/dataconnect`
 {"metadata":{"emulator":{"name":"dataconnect"},"message":"E0612 16:28:26.366426   55090 watch.go:40] Failed to load config from \"/Users/neerajkaneria/StudioProjects/Flutter_Applications/dataconnect\": could not find dataconnect.yaml in `/Users/neerajkaneria/StudioProjects/Flutter_Applications/dataconnect`\n"}}
[debug] [2026-06-12T10:58:36.366Z] E0612 16:28:36.366183   55090 watch.go:40] Failed to load config from "/Users/neerajkaneria/StudioProjects/Flutter_Applications/dataconnect": could not find dataconnect.yaml in `/Users/neerajkaneria/StudioProjects/Flutter_Applications/dataconnect`
E0612 16:28:36.366144   55090 watch.go:116] watchAllDir unable to walk dir `/Users/neerajkaneria/StudioProjects/Flutter_Applications/dataconnect`: lstat /Users/neerajkaneria/StudioProjects/Flutter_Applications/dataconnect: no such file or directory
 {"metadata":{"emulator":{"name":"dataconnect"},"message":"E0612 16:28:36.366183   55090 watch.go:40] Failed to load config from \"/Users/neerajkaneria/StudioProjects/Flutter_Applications/dataconnect\": could not find dataconnect.yaml in `/Users/neerajkaneria/StudioProjects/Flutter_Applications/dataconnect`\nE0612 16:28:36.366144   55090 watch.go:116] watchAllDir unable to walk dir `/Users/neerajkaneria/StudioProjects/Flutter_Applications/dataconnect`: lstat /Users/neerajkaneria/StudioProjects/Flutter_Applications/dataconnect: no such file or directory\n"}}
[debug] [2026-06-12T10:58:46.367Z] E0612 16:28:46.367062   55090 watch.go:40] Failed to load config from "/Users/neerajkaneria/StudioProjects/Flutter_Applications/dataconnect": could not find dataconnect.yaml in `/Users/neerajkaneria/StudioProjects/Flutter_Applications/dataconnect`
 {"metadata":{"emulator":{"name":"dataconnect"},"message":"E0612 16:28:46.367062   55090 watch.go:40] Failed to load config from \"/Users/neerajkaneria/StudioProjects/Flutter_Applications/dataconnect\": could not find dataconnect.yaml in `/Users/neerajkaneria/StudioProjects/Flutter_Applications/dataconnect`\n"}}
[debug] [2026-06-12T10:58:56.367Z] E0612 16:28:56.366606   55090 watch.go:40] Failed to load config from "/Users/neerajkaneria/StudioProjects/Flutter_Applications/dataconnect": could not find dataconnect.yaml in `/Users/neerajkaneria/StudioProjects/Flutter_Applications/dataconnect`
 {"metadata":{"emulator":{"name":"dataconnect"},"message":"E0612 16:28:56.366606   55090 watch.go:40] Failed to load config from \"/Users/neerajkaneria/StudioProjects/Flutter_Applications/dataconnect\": could not find dataconnect.yaml in `/Users/neerajkaneria/StudioProjects/Flutter_Applications/dataconnect`\n"}}
[debug] [2026-06-12T10:59:06.367Z] E0612 16:29:06.366404   55090 watch.go:40] Failed to load config from "/Users/neerajkaneria/StudioProjects/Flutter_Applications/dataconnect": could not find dataconnect.yaml in `/Users/neerajkaneria/StudioProjects/Flutter_Applications/dataconnect`
 {"metadata":{"emulator":{"name":"dataconnect"},"message":"E0612 16:29:06.366404   55090 watch.go:40] Failed to load config from \"/Users/neerajkaneria/StudioProjects/Flutter_Applications/dataconnect\": could not find dataconnect.yaml in `/Users/neerajkaneria/StudioProjects/Flutter_Applications/dataconnect`\n"}}
[debug] [2026-06-12T10:59:16.366Z] E0612 16:29:16.366553   55090 watch.go:40] Failed to load config from "/Users/neerajkaneria/StudioProjects/Flutter_Applications/dataconnect": could not find dataconnect.yaml in `/Users/neerajkaneria/StudioProjects/Flutter_Applications/dataconnect`
 {"metadata":{"emulator":{"name":"dataconnect"},"message":"E0612 16:29:16.366553   55090 watch.go:40] Failed to load config from \"/Users/neerajkaneria/StudioProjects/Flutter_Applications/dataconnect\": could not find dataconnect.yaml in `/Users/neerajkaneria/StudioProjects/Flutter_Applications/dataconnect`\n"}}
[debug] [2026-06-12T10:59:26.368Z] E0612 16:29:26.367599   55090 watch.go:40] Failed to load config from "/Users/neerajkaneria/StudioProjects/Flutter_Applications/dataconnect": could not find dataconnect.yaml in `/Users/neerajkaneria/StudioProjects/Flutter_Applications/dataconnect`
 {"metadata":{"emulator":{"name":"dataconnect"},"message":"E0612 16:29:26.367599   55090 watch.go:40] Failed to load config from \"/Users/neerajkaneria/StudioProjects/Flutter_Applications/dataconnect\": could not find dataconnect.yaml in `/Users/neerajkaneria/StudioProjects/Flutter_Applications/dataconnect`\n"}}
[debug] [2026-06-12T10:59:36.368Z] E0612 16:29:36.367597   55090 watch.go:40] Failed to load config from "/Users/neerajkaneria/StudioProjects/Flutter_Applications/dataconnect": could not find dataconnect.yaml in `/Users/neerajkaneria/StudioProjects/Flutter_Applications/dataconnect`
E0612 16:29:36.367460   55090 watch.go:116] watchAllDir unable to walk dir `/Users/neerajkaneria/StudioProjects/Flutter_Applications/dataconnect`: lstat /Users/neerajkaneria/StudioProjects/Flutter_Applications/dataconnect: no such file or directory
 {"metadata":{"emulator":{"name":"dataconnect"},"message":"E0612 16:29:36.367597   55090 watch.go:40] Failed to load config from \"/Users/neerajkaneria/StudioProjects/Flutter_Applications/dataconnect\": could not find dataconnect.yaml in `/Users/neerajkaneria/StudioProjects/Flutter_Applications/dataconnect`\nE0612 16:29:36.367460   55090 watch.go:116] watchAllDir unable to walk dir `/Users/neerajkaneria/StudioProjects/Flutter_Applications/dataconnect`: lstat /Users/neerajkaneria/StudioProjects/Flutter_Applications/dataconnect: no such file or directory\n"}}
[debug] [2026-06-12T10:59:46.368Z] E0612 16:29:46.368039   55090 watch.go:40] Failed to load config from "/Users/neerajkaneria/StudioProjects/Flutter_Applications/dataconnect": could not find dataconnect.yaml in `/Users/neerajkaneria/StudioProjects/Flutter_Applications/dataconnect`
 {"metadata":{"emulator":{"name":"dataconnect"},"message":"E0612 16:29:46.368039   55090 watch.go:40] Failed to load config from \"/Users/neerajkaneria/StudioProjects/Flutter_Applications/dataconnect\": could not find dataconnect.yaml in `/Users/neerajkaneria/StudioProjects/Flutter_Applications/dataconnect`\n"}}
[debug] [2026-06-12T10:59:56.366Z] E0612 16:29:56.366529   55090 watch.go:40] Failed to load config from "/Users/neerajkaneria/StudioProjects/Flutter_Applications/dataconnect": could not find dataconnect.yaml in `/Users/neerajkaneria/StudioProjects/Flutter_Applications/dataconnect`
 {"metadata":{"emulator":{"name":"dataconnect"},"message":"E0612 16:29:56.366529   55090 watch.go:40] Failed to load config from \"/Users/neerajkaneria/StudioProjects/Flutter_Applications/dataconnect\": could not find dataconnect.yaml in `/Users/neerajkaneria/StudioProjects/Flutter_Applications/dataconnect`\n"}}
[debug] [2026-06-12T11:00:06.369Z] E0612 16:30:06.367169   55090 watch.go:40] Failed to load config from "/Users/neerajkaneria/StudioProjects/Flutter_Applications/dataconnect": could not find dataconnect.yaml in `/Users/neerajkaneria/StudioProjects/Flutter_Applications/dataconnect`
 {"metadata":{"emulator":{"name":"dataconnect"},"message":"E0612 16:30:06.367169   55090 watch.go:40] Failed to load config from \"/Users/neerajkaneria/StudioProjects/Flutter_Applications/dataconnect\": could not find dataconnect.yaml in `/Users/neerajkaneria/StudioProjects/Flutter_Applications/dataconnect`\n"}}
[debug] [2026-06-12T11:00:16.369Z] E0612 16:30:16.367947   55090 watch.go:40] Failed to load config from "/Users/neerajkaneria/StudioProjects/Flutter_Applications/dataconnect": could not find dataconnect.yaml in `/Users/neerajkaneria/StudioProjects/Flutter_Applications/dataconnect`
 {"metadata":{"emulator":{"name":"dataconnect"},"message":"E0612 16:30:16.367947   55090 watch.go:40] Failed to load config from \"/Users/neerajkaneria/StudioProjects/Flutter_Applications/dataconnect\": could not find dataconnect.yaml in `/Users/neerajkaneria/StudioProjects/Flutter_Applications/dataconnect`\n"}}
[debug] [2026-06-12T11:00:26.367Z] E0612 16:30:26.367216   55090 watch.go:40] Failed to load config from "/Users/neerajkaneria/StudioProjects/Flutter_Applications/dataconnect": could not find dataconnect.yaml in `/Users/neerajkaneria/StudioProjects/Flutter_Applications/dataconnect`
 {"metadata":{"emulator":{"name":"dataconnect"},"message":"E0612 16:30:26.367216   55090 watch.go:40] Failed to load config from \"/Users/neerajkaneria/StudioProjects/Flutter_Applications/dataconnect\": could not find dataconnect.yaml in `/Users/neerajkaneria/StudioProjects/Flutter_Applications/dataconnect`\n"}}
[debug] [2026-06-12T11:00:36.367Z] E0612 16:30:36.366966   55090 watch.go:116] watchAllDir unable to walk dir `/Users/neerajkaneria/StudioProjects/Flutter_Applications/dataconnect`: lstat /Users/neerajkaneria/StudioProjects/Flutter_Applications/dataconnect: no such file or directory
E0612 16:30:36.367019   55090 watch.go:40] Failed to load config from "/Users/neerajkaneria/StudioProjects/Flutter_Applications/dataconnect": could not find dataconnect.yaml in `/Users/neerajkaneria/StudioProjects/Flutter_Applications/dataconnect`
 {"metadata":{"emulator":{"name":"dataconnect"},"message":"E0612 16:30:36.366966   55090 watch.go:116] watchAllDir unable to walk dir `/Users/neerajkaneria/StudioProjects/Flutter_Applications/dataconnect`: lstat /Users/neerajkaneria/StudioProjects/Flutter_Applications/dataconnect: no such file or directory\nE0612 16:30:36.367019   55090 watch.go:40] Failed to load config from \"/Users/neerajkaneria/StudioProjects/Flutter_Applications/dataconnect\": could not find dataconnect.yaml in `/Users/neerajkaneria/StudioProjects/Flutter_Applications/dataconnect`\n"}}
[debug] [2026-06-12T11:00:46.368Z] E0612 16:30:46.367780   55090 watch.go:40] Failed to load config from "/Users/neerajkaneria/StudioProjects/Flutter_Applications/dataconnect": could not find dataconnect.yaml in `/Users/neerajkaneria/StudioProjects/Flutter_Applications/dataconnect`
 {"metadata":{"emulator":{"name":"dataconnect"},"message":"E0612 16:30:46.367780   55090 watch.go:40] Failed to load config from \"/Users/neerajkaneria/StudioProjects/Flutter_Applications/dataconnect\": could not find dataconnect.yaml in `/Users/neerajkaneria/StudioProjects/Flutter_Applications/dataconnect`\n"}}
[debug] [2026-06-12T11:00:56.370Z] E0612 16:30:56.369670   55090 watch.go:40] Failed to load config from "/Users/neerajkaneria/StudioProjects/Flutter_Applications/dataconnect": could not find dataconnect.yaml in `/Users/neerajkaneria/StudioProjects/Flutter_Applications/dataconnect`
 {"metadata":{"emulator":{"name":"dataconnect"},"message":"E0612 16:30:56.369670   55090 watch.go:40] Failed to load config from \"/Users/neerajkaneria/StudioProjects/Flutter_Applications/dataconnect\": could not find dataconnect.yaml in `/Users/neerajkaneria/StudioProjects/Flutter_Applications/dataconnect`\n"}}
[debug] [2026-06-12T11:01:06.367Z] E0612 16:31:06.367111   55090 watch.go:40] Failed to load config from "/Users/neerajkaneria/StudioProjects/Flutter_Applications/dataconnect": could not find dataconnect.yaml in `/Users/neerajkaneria/StudioProjects/Flutter_Applications/dataconnect`
 {"metadata":{"emulator":{"name":"dataconnect"},"message":"E0612 16:31:06.367111   55090 watch.go:40] Failed to load config from \"/Users/neerajkaneria/StudioProjects/Flutter_Applications/dataconnect\": could not find dataconnect.yaml in `/Users/neerajkaneria/StudioProjects/Flutter_Applications/dataconnect`\n"}}
[debug] [2026-06-12T11:01:16.367Z] E0612 16:31:16.366802   55090 watch.go:40] Failed to load config from "/Users/neerajkaneria/StudioProjects/Flutter_Applications/dataconnect": could not find dataconnect.yaml in `/Users/neerajkaneria/StudioProjects/Flutter_Applications/dataconnect`
 {"metadata":{"emulator":{"name":"dataconnect"},"message":"E0612 16:31:16.366802   55090 watch.go:40] Failed to load config from \"/Users/neerajkaneria/StudioProjects/Flutter_Applications/dataconnect\": could not find dataconnect.yaml in `/Users/neerajkaneria/StudioProjects/Flutter_Applications/dataconnect`\n"}}
[debug] [2026-06-12T11:01:26.366Z] E0612 16:31:26.366139   55090 watch.go:40] Failed to load config from "/Users/neerajkaneria/StudioProjects/Flutter_Applications/dataconnect": could not find dataconnect.yaml in `/Users/neerajkaneria/StudioProjects/Flutter_Applications/dataconnect`
 {"metadata":{"emulator":{"name":"dataconnect"},"message":"E0612 16:31:26.366139   55090 watch.go:40] Failed to load config from \"/Users/neerajkaneria/StudioProjects/Flutter_Applications/dataconnect\": could not find dataconnect.yaml in `/Users/neerajkaneria/StudioProjects/Flutter_Applications/dataconnect`\n"}}
[debug] [2026-06-12T11:01:36.367Z] E0612 16:31:36.366985   55090 watch.go:40] Failed to load config from "/Users/neerajkaneria/StudioProjects/Flutter_Applications/dataconnect": could not find dataconnect.yaml in `/Users/neerajkaneria/StudioProjects/Flutter_Applications/dataconnect`
 {"metadata":{"emulator":{"name":"dataconnect"},"message":"E0612 16:31:36.366985   55090 watch.go:40] Failed to load config from \"/Users/neerajkaneria/StudioProjects/Flutter_Applications/dataconnect\": could not find dataconnect.yaml in `/Users/neerajkaneria/StudioProjects/Flutter_Applications/dataconnect`\n"}}
[debug] [2026-06-12T11:01:36.371Z] E0612 16:31:36.366777   55090 watch.go:116] watchAllDir unable to walk dir `/Users/neerajkaneria/StudioProjects/Flutter_Applications/dataconnect`: lstat /Users/neerajkaneria/StudioProjects/Flutter_Applications/dataconnect: no such file or directory
 {"metadata":{"emulator":{"name":"dataconnect"},"message":"E0612 16:31:36.366777   55090 watch.go:116] watchAllDir unable to walk dir `/Users/neerajkaneria/StudioProjects/Flutter_Applications/dataconnect`: lstat /Users/neerajkaneria/StudioProjects/Flutter_Applications/dataconnect: no such file or directory\n"}}
[debug] [2026-06-12T11:01:46.367Z] E0612 16:31:46.367006   55090 watch.go:40] Failed to load config from "/Users/neerajkaneria/StudioProjects/Flutter_Applications/dataconnect": could not find dataconnect.yaml in `/Users/neerajkaneria/StudioProjects/Flutter_Applications/dataconnect`
 {"metadata":{"emulator":{"name":"dataconnect"},"message":"E0612 16:31:46.367006   55090 watch.go:40] Failed to load config from \"/Users/neerajkaneria/StudioProjects/Flutter_Applications/dataconnect\": could not find dataconnect.yaml in `/Users/neerajkaneria/StudioProjects/Flutter_Applications/dataconnect`\n"}}
[debug] [2026-06-12T11:01:56.366Z] E0612 16:31:56.366433   55090 watch.go:40] Failed to load config from "/Users/neerajkaneria/StudioProjects/Flutter_Applications/dataconnect": could not find dataconnect.yaml in `/Users/neerajkaneria/StudioProjects/Flutter_Applications/dataconnect`
 {"metadata":{"emulator":{"name":"dataconnect"},"message":"E0612 16:31:56.366433   55090 watch.go:40] Failed to load config from \"/Users/neerajkaneria/StudioProjects/Flutter_Applications/dataconnect\": could not find dataconnect.yaml in `/Users/neerajkaneria/StudioProjects/Flutter_Applications/dataconnect`\n"}}
[debug] [2026-06-12T11:02:06.373Z] E0612 16:32:06.371309   55090 watch.go:40] Failed to load config from "/Users/neerajkaneria/StudioProjects/Flutter_Applications/dataconnect": could not find dataconnect.yaml in `/Users/neerajkaneria/StudioProjects/Flutter_Applications/dataconnect`
 {"metadata":{"emulator":{"name":"dataconnect"},"message":"E0612 16:32:06.371309   55090 watch.go:40] Failed to load config from \"/Users/neerajkaneria/StudioProjects/Flutter_Applications/dataconnect\": could not find dataconnect.yaml in `/Users/neerajkaneria/StudioProjects/Flutter_Applications/dataconnect`\n"}}
[debug] [2026-06-12T11:02:16.366Z] E0612 16:32:16.366176   55090 watch.go:40] Failed to load config from "/Users/neerajkaneria/StudioProjects/Flutter_Applications/dataconnect": could not find dataconnect.yaml in `/Users/neerajkaneria/StudioProjects/Flutter_Applications/dataconnect`
 {"metadata":{"emulator":{"name":"dataconnect"},"message":"E0612 16:32:16.366176   55090 watch.go:40] Failed to load config from \"/Users/neerajkaneria/StudioProjects/Flutter_Applications/dataconnect\": could not find dataconnect.yaml in `/Users/neerajkaneria/StudioProjects/Flutter_Applications/dataconnect`\n"}}
[debug] [2026-06-12T11:02:26.368Z] E0612 16:32:26.365910   55090 watch.go:40] Failed to load config from "/Users/neerajkaneria/StudioProjects/Flutter_Applications/dataconnect": could not find dataconnect.yaml in `/Users/neerajkaneria/StudioProjects/Flutter_Applications/dataconnect`
 {"metadata":{"emulator":{"name":"dataconnect"},"message":"E0612 16:32:26.365910   55090 watch.go:40] Failed to load config from \"/Users/neerajkaneria/StudioProjects/Flutter_Applications/dataconnect\": could not find dataconnect.yaml in `/Users/neerajkaneria/StudioProjects/Flutter_Applications/dataconnect`\n"}}
[debug] [2026-06-12T11:02:36.368Z] E0612 16:32:36.366407   55090 watch.go:116] watchAllDir unable to walk dir `/Users/neerajkaneria/StudioProjects/Flutter_Applications/dataconnect`: lstat /Users/neerajkaneria/StudioProjects/Flutter_Applications/dataconnect: no such file or directory
 {"metadata":{"emulator":{"name":"dataconnect"},"message":"E0612 16:32:36.366407   55090 watch.go:116] watchAllDir unable to walk dir `/Users/neerajkaneria/StudioProjects/Flutter_Applications/dataconnect`: lstat /Users/neerajkaneria/StudioProjects/Flutter_Applications/dataconnect: no such file or directory\n"}}
[debug] [2026-06-12T11:02:36.378Z] E0612 16:32:36.368336   55090 watch.go:40] Failed to load config from "/Users/neerajkaneria/StudioProjects/Flutter_Applications/dataconnect": could not find dataconnect.yaml in `/Users/neerajkaneria/StudioProjects/Flutter_Applications/dataconnect`
 {"metadata":{"emulator":{"name":"dataconnect"},"message":"E0612 16:32:36.368336   55090 watch.go:40] Failed to load config from \"/Users/neerajkaneria/StudioProjects/Flutter_Applications/dataconnect\": could not find dataconnect.yaml in `/Users/neerajkaneria/StudioProjects/Flutter_Applications/dataconnect`\n"}}
[debug] [2026-06-12T11:02:46.366Z] E0612 16:32:46.366279   55090 watch.go:40] Failed to load config from "/Users/neerajkaneria/StudioProjects/Flutter_Applications/dataconnect": could not find dataconnect.yaml in `/Users/neerajkaneria/StudioProjects/Flutter_Applications/dataconnect`
 {"metadata":{"emulator":{"name":"dataconnect"},"message":"E0612 16:32:46.366279   55090 watch.go:40] Failed to load config from \"/Users/neerajkaneria/StudioProjects/Flutter_Applications/dataconnect\": could not find dataconnect.yaml in `/Users/neerajkaneria/StudioProjects/Flutter_Applications/dataconnect`\n"}}
[debug] [2026-06-12T11:02:56.368Z] E0612 16:32:56.366714   55090 watch.go:40] Failed to load config from "/Users/neerajkaneria/StudioProjects/Flutter_Applications/dataconnect": could not find dataconnect.yaml in `/Users/neerajkaneria/StudioProjects/Flutter_Applications/dataconnect`
 {"metadata":{"emulator":{"name":"dataconnect"},"message":"E0612 16:32:56.366714   55090 watch.go:40] Failed to load config from \"/Users/neerajkaneria/StudioProjects/Flutter_Applications/dataconnect\": could not find dataconnect.yaml in `/Users/neerajkaneria/StudioProjects/Flutter_Applications/dataconnect`\n"}}
[debug] [2026-06-12T11:03:06.368Z] E0612 16:33:06.368023   55090 watch.go:40] Failed to load config from "/Users/neerajkaneria/StudioProjects/Flutter_Applications/dataconnect": could not find dataconnect.yaml in `/Users/neerajkaneria/StudioProjects/Flutter_Applications/dataconnect`
 {"metadata":{"emulator":{"name":"dataconnect"},"message":"E0612 16:33:06.368023   55090 watch.go:40] Failed to load config from \"/Users/neerajkaneria/StudioProjects/Flutter_Applications/dataconnect\": could not find dataconnect.yaml in `/Users/neerajkaneria/StudioProjects/Flutter_Applications/dataconnect`\n"}}
[debug] [2026-06-12T11:03:16.368Z] E0612 16:33:16.366850   55090 watch.go:40] Failed to load config from "/Users/neerajkaneria/StudioProjects/Flutter_Applications/dataconnect": could not find dataconnect.yaml in `/Users/neerajkaneria/StudioProjects/Flutter_Applications/dataconnect`
 {"metadata":{"emulator":{"name":"dataconnect"},"message":"E0612 16:33:16.366850   55090 watch.go:40] Failed to load config from \"/Users/neerajkaneria/StudioProjects/Flutter_Applications/dataconnect\": could not find dataconnect.yaml in `/Users/neerajkaneria/StudioProjects/Flutter_Applications/dataconnect`\n"}}
[debug] [2026-06-12T11:03:26.369Z] E0612 16:33:26.366179   55090 watch.go:40] Failed to load config from "/Users/neerajkaneria/StudioProjects/Flutter_Applications/dataconnect": could not find dataconnect.yaml in `/Users/neerajkaneria/StudioProjects/Flutter_Applications/dataconnect`
 {"metadata":{"emulator":{"name":"dataconnect"},"message":"E0612 16:33:26.366179   55090 watch.go:40] Failed to load config from \"/Users/neerajkaneria/StudioProjects/Flutter_Applications/dataconnect\": could not find dataconnect.yaml in `/Users/neerajkaneria/StudioProjects/Flutter_Applications/dataconnect`\n"}}
[debug] [2026-06-12T11:03:36.365Z] E0612 16:33:36.365128   55090 watch.go:40] Failed to load config from "/Users/neerajkaneria/StudioProjects/Flutter_Applications/dataconnect": could not find dataconnect.yaml in `/Users/neerajkaneria/StudioProjects/Flutter_Applications/dataconnect`
 {"metadata":{"emulator":{"name":"dataconnect"},"message":"E0612 16:33:36.365128   55090 watch.go:40] Failed to load config from \"/Users/neerajkaneria/StudioProjects/Flutter_Applications/dataconnect\": could not find dataconnect.yaml in `/Users/neerajkaneria/StudioProjects/Flutter_Applications/dataconnect`\n"}}
[debug] [2026-06-12T11:03:36.366Z] E0612 16:33:36.365059   55090 watch.go:116] watchAllDir unable to walk dir `/Users/neerajkaneria/StudioProjects/Flutter_Applications/dataconnect`: lstat /Users/neerajkaneria/StudioProjects/Flutter_Applications/dataconnect: no such file or directory
 {"metadata":{"emulator":{"name":"dataconnect"},"message":"E0612 16:33:36.365059   55090 watch.go:116] watchAllDir unable to walk dir `/Users/neerajkaneria/StudioProjects/Flutter_Applications/dataconnect`: lstat /Users/neerajkaneria/StudioProjects/Flutter_Applications/dataconnect: no such file or directory\n"}}
[debug] [2026-06-12T11:03:46.367Z] E0612 16:33:46.367248   55090 watch.go:40] Failed to load config from "/Users/neerajkaneria/StudioProjects/Flutter_Applications/dataconnect": could not find dataconnect.yaml in `/Users/neerajkaneria/StudioProjects/Flutter_Applications/dataconnect`
 {"metadata":{"emulator":{"name":"dataconnect"},"message":"E0612 16:33:46.367248   55090 watch.go:40] Failed to load config from \"/Users/neerajkaneria/StudioProjects/Flutter_Applications/dataconnect\": could not find dataconnect.yaml in `/Users/neerajkaneria/StudioProjects/Flutter_Applications/dataconnect`\n"}}
[debug] [2026-06-12T11:03:56.369Z] E0612 16:33:56.368115   55090 watch.go:40] Failed to load config from "/Users/neerajkaneria/StudioProjects/Flutter_Applications/dataconnect": could not find dataconnect.yaml in `/Users/neerajkaneria/StudioProjects/Flutter_Applications/dataconnect`
 {"metadata":{"emulator":{"name":"dataconnect"},"message":"E0612 16:33:56.368115   55090 watch.go:40] Failed to load config from \"/Users/neerajkaneria/StudioProjects/Flutter_Applications/dataconnect\": could not find dataconnect.yaml in `/Users/neerajkaneria/StudioProjects/Flutter_Applications/dataconnect`\n"}}
[debug] [2026-06-12T11:04:06.368Z] E0612 16:34:06.365739   55090 watch.go:40] Failed to load config from "/Users/neerajkaneria/StudioProjects/Flutter_Applications/dataconnect": could not find dataconnect.yaml in `/Users/neerajkaneria/StudioProjects/Flutter_Applications/dataconnect`
 {"metadata":{"emulator":{"name":"dataconnect"},"message":"E0612 16:34:06.365739   55090 watch.go:40] Failed to load config from \"/Users/neerajkaneria/StudioProjects/Flutter_Applications/dataconnect\": could not find dataconnect.yaml in `/Users/neerajkaneria/StudioProjects/Flutter_Applications/dataconnect`\n"}}
[debug] [2026-06-12T11:04:16.367Z] E0612 16:34:16.367108   55090 watch.go:40] Failed to load config from "/Users/neerajkaneria/StudioProjects/Flutter_Applications/dataconnect": could not find dataconnect.yaml in `/Users/neerajkaneria/StudioProjects/Flutter_Applications/dataconnect`
 {"metadata":{"emulator":{"name":"dataconnect"},"message":"E0612 16:34:16.367108   55090 watch.go:40] Failed to load config from \"/Users/neerajkaneria/StudioProjects/Flutter_Applications/dataconnect\": could not find dataconnect.yaml in `/Users/neerajkaneria/StudioProjects/Flutter_Applications/dataconnect`\n"}}
[debug] [2026-06-12T11:04:26.366Z] E0612 16:34:26.365490   55090 watch.go:40] Failed to load config from "/Users/neerajkaneria/StudioProjects/Flutter_Applications/dataconnect": could not find dataconnect.yaml in `/Users/neerajkaneria/StudioProjects/Flutter_Applications/dataconnect`
 {"metadata":{"emulator":{"name":"dataconnect"},"message":"E0612 16:34:26.365490   55090 watch.go:40] Failed to load config from \"/Users/neerajkaneria/StudioProjects/Flutter_Applications/dataconnect\": could not find dataconnect.yaml in `/Users/neerajkaneria/StudioProjects/Flutter_Applications/dataconnect`\n"}}
[debug] [2026-06-12T11:04:36.364Z] E0612 16:34:36.364304   55090 watch.go:40] Failed to load config from "/Users/neerajkaneria/StudioProjects/Flutter_Applications/dataconnect": could not find dataconnect.yaml in `/Users/neerajkaneria/StudioProjects/Flutter_Applications/dataconnect`
 {"metadata":{"emulator":{"name":"dataconnect"},"message":"E0612 16:34:36.364304   55090 watch.go:40] Failed to load config from \"/Users/neerajkaneria/StudioProjects/Flutter_Applications/dataconnect\": could not find dataconnect.yaml in `/Users/neerajkaneria/StudioProjects/Flutter_Applications/dataconnect`\n"}}
[debug] [2026-06-12T11:04:36.367Z] E0612 16:34:36.364295   55090 watch.go:116] watchAllDir unable to walk dir `/Users/neerajkaneria/StudioProjects/Flutter_Applications/dataconnect`: lstat /Users/neerajkaneria/StudioProjects/Flutter_Applications/dataconnect: no such file or directory
 {"metadata":{"emulator":{"name":"dataconnect"},"message":"E0612 16:34:36.364295   55090 watch.go:116] watchAllDir unable to walk dir `/Users/neerajkaneria/StudioProjects/Flutter_Applications/dataconnect`: lstat /Users/neerajkaneria/StudioProjects/Flutter_Applications/dataconnect: no such file or directory\n"}}
[debug] [2026-06-12T11:04:46.365Z] E0612 16:34:46.365165   55090 watch.go:40] Failed to load config from "/Users/neerajkaneria/StudioProjects/Flutter_Applications/dataconnect": could not find dataconnect.yaml in `/Users/neerajkaneria/StudioProjects/Flutter_Applications/dataconnect`
 {"metadata":{"emulator":{"name":"dataconnect"},"message":"E0612 16:34:46.365165   55090 watch.go:40] Failed to load config from \"/Users/neerajkaneria/StudioProjects/Flutter_Applications/dataconnect\": could not find dataconnect.yaml in `/Users/neerajkaneria/StudioProjects/Flutter_Applications/dataconnect`\n"}}
[debug] [2026-06-12T11:04:56.366Z] E0612 16:34:56.365365   55090 watch.go:40] Failed to load config from "/Users/neerajkaneria/StudioProjects/Flutter_Applications/dataconnect": could not find dataconnect.yaml in `/Users/neerajkaneria/StudioProjects/Flutter_Applications/dataconnect`
 {"metadata":{"emulator":{"name":"dataconnect"},"message":"E0612 16:34:56.365365   55090 watch.go:40] Failed to load config from \"/Users/neerajkaneria/StudioProjects/Flutter_Applications/dataconnect\": could not find dataconnect.yaml in `/Users/neerajkaneria/StudioProjects/Flutter_Applications/dataconnect`\n"}}
[debug] [2026-06-12T11:05:06.365Z] E0612 16:35:06.364963   55090 watch.go:40] Failed to load config from "/Users/neerajkaneria/StudioProjects/Flutter_Applications/dataconnect": could not find dataconnect.yaml in `/Users/neerajkaneria/StudioProjects/Flutter_Applications/dataconnect`
 {"metadata":{"emulator":{"name":"dataconnect"},"message":"E0612 16:35:06.364963   55090 watch.go:40] Failed to load config from \"/Users/neerajkaneria/StudioProjects/Flutter_Applications/dataconnect\": could not find dataconnect.yaml in `/Users/neerajkaneria/StudioProjects/Flutter_Applications/dataconnect`\n"}}
[debug] [2026-06-12T11:05:16.366Z] E0612 16:35:16.366016   55090 watch.go:40] Failed to load config from "/Users/neerajkaneria/StudioProjects/Flutter_Applications/dataconnect": could not find dataconnect.yaml in `/Users/neerajkaneria/StudioProjects/Flutter_Applications/dataconnect`
 {"metadata":{"emulator":{"name":"dataconnect"},"message":"E0612 16:35:16.366016   55090 watch.go:40] Failed to load config from \"/Users/neerajkaneria/StudioProjects/Flutter_Applications/dataconnect\": could not find dataconnect.yaml in `/Users/neerajkaneria/StudioProjects/Flutter_Applications/dataconnect`\n"}}
[debug] [2026-06-12T11:05:26.366Z] E0612 16:35:26.365265   55090 watch.go:40] Failed to load config from "/Users/neerajkaneria/StudioProjects/Flutter_Applications/dataconnect": could not find dataconnect.yaml in `/Users/neerajkaneria/StudioProjects/Flutter_Applications/dataconnect`
 {"metadata":{"emulator":{"name":"dataconnect"},"message":"E0612 16:35:26.365265   55090 watch.go:40] Failed to load config from \"/Users/neerajkaneria/StudioProjects/Flutter_Applications/dataconnect\": could not find dataconnect.yaml in `/Users/neerajkaneria/StudioProjects/Flutter_Applications/dataconnect`\n"}}
[debug] [2026-06-12T11:05:36.365Z] E0612 16:35:36.364551   55090 watch.go:40] Failed to load config from "/Users/neerajkaneria/StudioProjects/Flutter_Applications/dataconnect": could not find dataconnect.yaml in `/Users/neerajkaneria/StudioProjects/Flutter_Applications/dataconnect`
 {"metadata":{"emulator":{"name":"dataconnect"},"message":"E0612 16:35:36.364551   55090 watch.go:40] Failed to load config from \"/Users/neerajkaneria/StudioProjects/Flutter_Applications/dataconnect\": could not find dataconnect.yaml in `/Users/neerajkaneria/StudioProjects/Flutter_Applications/dataconnect`\n"}}
[debug] [2026-06-12T11:05:36.366Z] E0612 16:35:36.364486   55090 watch.go:116] watchAllDir unable to walk dir `/Users/neerajkaneria/StudioProjects/Flutter_Applications/dataconnect`: lstat /Users/neerajkaneria/StudioProjects/Flutter_Applications/dataconnect: no such file or directory
 {"metadata":{"emulator":{"name":"dataconnect"},"message":"E0612 16:35:36.364486   55090 watch.go:116] watchAllDir unable to walk dir `/Users/neerajkaneria/StudioProjects/Flutter_Applications/dataconnect`: lstat /Users/neerajkaneria/StudioProjects/Flutter_Applications/dataconnect: no such file or directory\n"}}
[debug] [2026-06-12T11:05:46.365Z] E0612 16:35:46.365300   55090 watch.go:40] Failed to load config from "/Users/neerajkaneria/StudioProjects/Flutter_Applications/dataconnect": could not find dataconnect.yaml in `/Users/neerajkaneria/StudioProjects/Flutter_Applications/dataconnect`
 {"metadata":{"emulator":{"name":"dataconnect"},"message":"E0612 16:35:46.365300   55090 watch.go:40] Failed to load config from \"/Users/neerajkaneria/StudioProjects/Flutter_Applications/dataconnect\": could not find dataconnect.yaml in `/Users/neerajkaneria/StudioProjects/Flutter_Applications/dataconnect`\n"}}
[debug] [2026-06-12T11:05:56.365Z] E0612 16:35:56.365298   55090 watch.go:40] Failed to load config from "/Users/neerajkaneria/StudioProjects/Flutter_Applications/dataconnect": could not find dataconnect.yaml in `/Users/neerajkaneria/StudioProjects/Flutter_Applications/dataconnect`
 {"metadata":{"emulator":{"name":"dataconnect"},"message":"E0612 16:35:56.365298   55090 watch.go:40] Failed to load config from \"/Users/neerajkaneria/StudioProjects/Flutter_Applications/dataconnect\": could not find dataconnect.yaml in `/Users/neerajkaneria/StudioProjects/Flutter_Applications/dataconnect`\n"}}
[debug] [2026-06-12T11:06:06.364Z] E0612 16:36:06.364035   55090 watch.go:40] Failed to load config from "/Users/neerajkaneria/StudioProjects/Flutter_Applications/dataconnect": could not find dataconnect.yaml in `/Users/neerajkaneria/StudioProjects/Flutter_Applications/dataconnect`
 {"metadata":{"emulator":{"name":"dataconnect"},"message":"E0612 16:36:06.364035   55090 watch.go:40] Failed to load config from \"/Users/neerajkaneria/StudioProjects/Flutter_Applications/dataconnect\": could not find dataconnect.yaml in `/Users/neerajkaneria/StudioProjects/Flutter_Applications/dataconnect`\n"}}
[debug] [2026-06-12T11:06:16.364Z] E0612 16:36:16.364315   55090 watch.go:40] Failed to load config from "/Users/neerajkaneria/StudioProjects/Flutter_Applications/dataconnect": could not find dataconnect.yaml in `/Users/neerajkaneria/StudioProjects/Flutter_Applications/dataconnect`
 {"metadata":{"emulator":{"name":"dataconnect"},"message":"E0612 16:36:16.364315   55090 watch.go:40] Failed to load config from \"/Users/neerajkaneria/StudioProjects/Flutter_Applications/dataconnect\": could not find dataconnect.yaml in `/Users/neerajkaneria/StudioProjects/Flutter_Applications/dataconnect`\n"}}
[debug] [2026-06-12T11:06:26.367Z] E0612 16:36:26.366969   55090 watch.go:40] Failed to load config from "/Users/neerajkaneria/StudioProjects/Flutter_Applications/dataconnect": could not find dataconnect.yaml in `/Users/neerajkaneria/StudioProjects/Flutter_Applications/dataconnect`
 {"metadata":{"emulator":{"name":"dataconnect"},"message":"E0612 16:36:26.366969   55090 watch.go:40] Failed to load config from \"/Users/neerajkaneria/StudioProjects/Flutter_Applications/dataconnect\": could not find dataconnect.yaml in `/Users/neerajkaneria/StudioProjects/Flutter_Applications/dataconnect`\n"}}
[debug] [2026-06-12T11:06:36.364Z] E0612 16:36:36.363753   55090 watch.go:40] Failed to load config from "/Users/neerajkaneria/StudioProjects/Flutter_Applications/dataconnect": could not find dataconnect.yaml in `/Users/neerajkaneria/StudioProjects/Flutter_Applications/dataconnect`
 {"metadata":{"emulator":{"name":"dataconnect"},"message":"E0612 16:36:36.363753   55090 watch.go:40] Failed to load config from \"/Users/neerajkaneria/StudioProjects/Flutter_Applications/dataconnect\": could not find dataconnect.yaml in `/Users/neerajkaneria/StudioProjects/Flutter_Applications/dataconnect`\n"}}
[debug] [2026-06-12T11:06:36.365Z] E0612 16:36:36.363685   55090 watch.go:116] watchAllDir unable to walk dir `/Users/neerajkaneria/StudioProjects/Flutter_Applications/dataconnect`: lstat /Users/neerajkaneria/StudioProjects/Flutter_Applications/dataconnect: no such file or directory
 {"metadata":{"emulator":{"name":"dataconnect"},"message":"E0612 16:36:36.363685   55090 watch.go:116] watchAllDir unable to walk dir `/Users/neerajkaneria/StudioProjects/Flutter_Applications/dataconnect`: lstat /Users/neerajkaneria/StudioProjects/Flutter_Applications/dataconnect: no such file or directory\n"}}
[debug] [2026-06-12T11:06:46.364Z] E0612 16:36:46.364193   55090 watch.go:40] Failed to load config from "/Users/neerajkaneria/StudioProjects/Flutter_Applications/dataconnect": could not find dataconnect.yaml in `/Users/neerajkaneria/StudioProjects/Flutter_Applications/dataconnect`
 {"metadata":{"emulator":{"name":"dataconnect"},"message":"E0612 16:36:46.364193   55090 watch.go:40] Failed to load config from \"/Users/neerajkaneria/StudioProjects/Flutter_Applications/dataconnect\": could not find dataconnect.yaml in `/Users/neerajkaneria/StudioProjects/Flutter_Applications/dataconnect`\n"}}
